session_key,Date,Workout Name,Duration,Exercise Name,Equipment,Set Order,Weight,Reps,Distance,Seconds,Notes,Workout Notes,RPE
1,2024-05-23 22:18:07,Legs,52s,Lying Leg Raise,Body Weight,1,0,12,0,0,,,
1,2024-05-23 22:18:07,Legs,52s,Lying Leg Raise,Body Weight,2,0,12,0,0,,,
1,2024-05-23 22:18:07,Legs,52s,Lying Leg Raise,Body Weight,3,0,12,0,0,,,
2,2024-05-28 00:01:20,Midnight Workout,18s,Bench Press,Barbell,1,135.0,2,0,0,,,
2,2024-05-28 00:01:46,Midnight Workout,26m,Incline Bench Press,Dumbbell,2,25.0,12,0,0,,,
2,2024-05-28 00:01:46,Midnight Workout,26m,Incline Bench Press,Dumbbell,3,30.0,12,0,0,,,
2,2024-05-28 00:01:46,Midnight Workout,26m,Incline Bench Press,Dumbbell,4,35.0,12,0,0,,,
2,2024-05-28 00:01:46,Midnight Workout,26m,Incline Bench Press,Dumbbell,5,40.0,12,0,0,,,
3,2024-05-29 12:07:48,Back and Biceps,1h 5m,Straight-leg Deadlift,Barbell,1,135.0,8,0,0,,,
3,2024-05-29 12:07:48,Back and Biceps,1h 5m,Straight-leg Deadlift,Barbell,2,135.0,3,0,0,,,
3,2024-05-29 12:07:48,Back and Biceps,1h 5m,Straight-leg Deadlift,Barbell,3,185.00000000000000,7,0,0,,,
3,2024-05-29 12:07:48,Back and Biceps,1h 5m,Straight-leg Deadlift,Barbell,4,205.0,2,0,0,,,
3,2024-05-29 12:07:48,Back and Biceps,1h 5m,Deadlift,Barbell,5,255.0,1,0,0,,,
3,2024-05-29 12:07:48,Back and Biceps,1h 5m,Pull-up,Body Weight,6,155.0,1,0,0,,,
3,2024-05-29 12:07:48,Back and Biceps,1h 5m,Bent-over Row: Underhand,Barbell,7,45.0,12,0,0,,,
3,2024-05-29 12:07:48,Back and Biceps,1h 5m,Bent-over Row: Underhand,Barbell,8,95.0,12,0,0,,,
3,2024-05-29 12:07:48,Back and Biceps,1h 5m,Bent-over Row: Underhand,Barbell,9,115.0,12,0,0,,,
3,2024-05-29 12:07:48,Back and Biceps,1h 5m,Bent-over Row: Underhand,Barbell,10,135.0,5,0,0,,,
3,2024-05-29 12:07:48,Back and Biceps,1h 5m,Curl,Barbell,11,31.000000000000000,5,0,0,,,
3,2024-05-29 12:07:48,Back and Biceps,1h 5m,Curl,Barbell,12,51.0,12,0,0,,,
3,2024-05-29 12:07:48,Back and Biceps,1h 5m,Curl,Dumbbell,13,20.0,12,0,0,,,
3,2024-05-29 12:07:48,Back and Biceps,1h 5m,Curl,Dumbbell,14,25.0,12,0,0,,,
3,2024-05-29 12:07:48,Back and Biceps,1h 5m,Curl,Dumbbell,15,30.0,3,0,0,,,
4,2024-05-29 22:02:22,Evening Workout,6m,Leg Presses: 45° Leg Press,Sled,1,135.0,12,0,0,,,
4,2024-05-29 22:02:22,Evening Workout,6m,Leg Presses: 45° Leg Press,Sled,2,225.0,12,0,0,,,
4,2024-05-29 22:02:22,Evening Workout,6m,Leg Presses: 45° Leg Press,Sled,3,315.0,2,0,0,,,
5,2024-05-31 18:20:33,Back,29m,Pull-up,Body Weight,1,155.0,3,0,0,,,
5,2024-05-31 18:20:33,Back,29m,Pull-up,Body Weight,2,155.0,3,0,0,,,
5,2024-05-31 18:20:33,Back,29m,Pull-up,Body Weight,3,155.0,3,0,0,,,
5,2024-05-31 18:20:33,Back,29m,Chin-up,Body Weight,4,155.0,3,0,0,,,
5,2024-05-31 18:20:33,Back,29m,Chin-up,Body Weight,5,155.0,1,0,0,,,
5,2024-05-31 18:20:33,Back,29m,Chin-up,Body Weight,6,155.0,1,0,0,,,
5,2024-05-31 18:20:33,Back,29m,Incline Row,Dumbbell,7,20.0,12,0,0,,,
5,2024-05-31 18:20:33,Back,29m,Incline Row,Dumbbell,8,25.0,12,0,0,,,
5,2024-05-31 18:20:33,Back,29m,Incline Row,Dumbbell,9,30.0,13,0,0,,,
5,2024-05-31 18:20:33,Back,29m,Bent-over Row,Dumbbell,10,20.0,12,0,0,,,
5,2024-05-31 18:20:33,Back,29m,Straight-leg Deadlift,Barbell,11,135.0,8,0,0,,,
6,2024-06-01 18:48:33,Evening Workout,8m,Curl,Dumbbell,1,25.0,12,0,0,,,
6,2024-06-01 18:48:33,Evening Workout,8m,Curl,Dumbbell,2,30.0,12,0,0,,,
6,2024-06-01 18:48:33,Evening Workout,8m,Curl,Dumbbell,3,35.0,6,0,0,,,
7,2024-06-03 17:06:07,Chest and Triceps,1h 33m,Bench Press,Barbell,1,135.0,3,0,0,,,
7,2024-06-03 17:06:07,Chest and Triceps,1h 33m,Bench Press,Barbell,2,135.0,4,0,0,,,
7,2024-06-03 17:06:07,Chest and Triceps,1h 33m,Bench Press,Barbell,3,135.0,3,0,0,,,
7,2024-06-03 17:06:07,Chest and Triceps,1h 33m,Incline Bench Press,Dumbbell,4,30.0,12,0,0,I forgot I should count it doubled bec. Each arm,,
7,2024-06-03 17:06:07,Chest and Triceps,1h 33m,Incline Bench Press,Dumbbell,5,35.0,12,0,0,,,
7,2024-06-03 17:06:07,Chest and Triceps,1h 33m,Incline Bench Press,Dumbbell,6,40.0,10,0,0,,,
7,2024-06-03 17:06:07,Chest and Triceps,1h 33m,Flies: Standing Fly,Cable,7,22.5,8,0,0,,,
7,2024-06-03 17:06:07,Chest and Triceps,1h 33m,Flies: Standing Fly,Cable,8,17.5,10,0,0,,,
7,2024-06-03 17:06:07,Chest and Triceps,1h 33m,Flies: Standing Fly,Cable,9,55.0,12,0,0,,,
7,2024-06-03 17:06:07,Chest and Triceps,1h 33m,Flies: Standing Fly,Cable,10,70.0,12,0,0,,,
7,2024-06-03 17:06:07,Chest and Triceps,1h 33m,Flies: Standing Fly,Cable,11,85.0,10,0,0,,,
7,2024-06-03 17:06:07,Chest and Triceps,1h 33m,Flies: Standing Fly,Cable,12,100.0,5,0,0,,,
7,2024-06-03 17:06:07,Chest and Triceps,1h 33m,Lying Triceps Extension: Skull Crusher,Barbell,13,10.0,10,0,0,,,
7,2024-06-03 17:06:07,Chest and Triceps,1h 33m,Lying Triceps Extension: Skull Crusher,Barbell,14,12.5,4,0,0,,,
7,2024-06-03 17:06:07,Chest and Triceps,1h 33m,Lying Triceps Extension: Skull Crusher,Barbell,15,12.5,2,0,0,,,
7,2024-06-03 17:06:07,Chest and Triceps,1h 33m,Lateral Raise,Dumbbell,16,10.0,12,0,0,,,
7,2024-06-03 17:06:07,Chest and Triceps,1h 33m,Lateral Raise,Dumbbell,17,12.5,7,0,0,,,
7,2024-06-03 17:06:07,Chest and Triceps,1h 33m,Lateral Raise,Dumbbell,18,15.0,5,0,0,,,
8,2024-06-04 21:12:11,Back and Biceps,1h 24m,Straight-leg Deadlift,Barbell,1,95.0,12,0,0,,,
8,2024-06-04 21:12:11,Back and Biceps,1h 24m,Straight-leg Deadlift,Barbell,2,115.0,8,0,0,,,
8,2024-06-04 21:12:11,Back and Biceps,1h 24m,Straight-leg Deadlift,Barbell,3,135.0,12,0,0,,,
8,2024-06-04 21:12:11,Back and Biceps,1h 24m,Seated Row,Cable,4,120.0,13,0,0,,,
8,2024-06-04 21:12:11,Back and Biceps,1h 24m,Seated Row,Cable,5,130.0,13,0,0,,,
8,2024-06-04 21:12:11,Back and Biceps,1h 24m,Seated Row,Cable,6,140.0,13,0,0,,,
8,2024-06-04 21:12:11,Back and Biceps,1h 24m,Seated Row,Cable,7,150.00000000000000,12,0,0,,,
8,2024-06-04 21:12:11,Back and Biceps,1h 24m,Pulldown	,Cable,8,70.0,12,0,0,,,
8,2024-06-04 21:12:11,Back and Biceps,1h 24m,Pulldown	,Cable,9,85.0,12,0,0,,,
8,2024-06-04 21:12:11,Back and Biceps,1h 24m,Pulldown	,Cable,10,100.0,11,0,0,,,
8,2024-06-04 21:12:11,Back and Biceps,1h 24m,Curl,Dumbbell,11,30.0,6,0,0,,,
8,2024-06-04 21:12:11,Back and Biceps,1h 24m,Curl,Dumbbell,12,30.0,6,0,0,,,
8,2024-06-04 21:12:11,Back and Biceps,1h 24m,Curl,Dumbbell,13,40.0,1,0,0,,,
8,2024-06-04 21:12:11,Back and Biceps,1h 24m,Curl,Dumbbell,14,35.0,3,0,0,,,
8,2024-06-04 21:12:11,Back and Biceps,1h 24m,Curl,Dumbbell,15,0,0,0,70,,,
9,2024-06-05 20:39:55,Legs,1h 17m,Leg Presses: 45° Leg Press,Sled,1,315.0,12,0,0,,,
9,2024-06-05 20:39:55,Legs,1h 17m,Leg Presses: 45° Leg Press,Sled,2,405.0,8,0,0,,,
9,2024-06-05 20:39:55,Legs,1h 17m,Leg Presses: 45° Leg Press,Sled,3,455.0,0,0,0,,,
9,2024-06-05 20:39:55,Legs,1h 17m,Leg Presses: 45° Leg Press,Sled,4,405.0,2,0,0,,,
9,2024-06-05 20:39:55,Legs,1h 17m,Squat,Barbell,5,135.0,4,0,0,,,
9,2024-06-05 20:39:55,Legs,1h 17m,Squat,Barbell,6,95.0,12,0,0,,,
9,2024-06-05 20:39:55,Legs,1h 17m,Squat,Barbell,7,115.0,8,0,0,,,
9,2024-06-05 20:39:55,Legs,1h 17m,Leg Extension,Lever (selectorized),8,60.0,12,0,0,,,
9,2024-06-05 20:39:55,Legs,1h 17m,Leg Extension,Lever (selectorized),9,75.00000000000000,12,0,0,,,
9,2024-06-05 20:39:55,Legs,1h 17m,Leg Extension,Lever (selectorized),10,90.0,8,0,0,,,
9,2024-06-05 20:39:55,Legs,1h 17m,Leg Extension,Lever (selectorized),11,90.0,8,0,0,,,
9,2024-06-05 20:39:55,Legs,1h 17m,Seated Leg Curl,Lever (selectorized),12,60.0,12,0,0,,,
9,2024-06-05 20:39:55,Legs,1h 17m,Seated Leg Curl,Lever (selectorized),13,75.00000000000000,12,0,0,,,
9,2024-06-05 20:39:55,Legs,1h 17m,Seated Leg Curl,Lever (selectorized),14,90.0,12,0,0,,,
9,2024-06-05 20:39:55,Legs,1h 17m,Seated Leg Curl,Lever (selectorized),15,105.0,12,0,0,,,
10,2024-06-06 18:44:11,Chest and Triceps,1h 7m,Bench Press,Barbell,1,135.0,5,0,0,,,
10,2024-06-06 18:44:11,Chest and Triceps,1h 7m,Bench Press,Barbell,2,135.0,5,0,0,,,
10,2024-06-06 18:44:11,Chest and Triceps,1h 7m,Bench Press,Barbell,3,135.0,4,0,0,,,
10,2024-06-06 18:44:11,Chest and Triceps,1h 7m,Bench Press,Dumbbell,4,70.0,12,0,0,,,
10,2024-06-06 18:44:11,Chest and Triceps,1h 7m,Incline Bench Press,Dumbbell,5,70.0,11,0,0,70 lbs = 35 lbs each arm,,
10,2024-06-06 18:44:11,Chest and Triceps,1h 7m,Incline Bench Press,Dumbbell,6,80.0,10,0,0,,,
10,2024-06-06 18:44:11,Chest and Triceps,1h 7m,Incline Bench Press,Dumbbell,7,90.0,4,0,0,,,
10,2024-06-06 18:44:11,Chest and Triceps,1h 7m,Shoulder Press,Dumbbell,8,40.0,12,0,0,,,
10,2024-06-06 18:44:11,Chest and Triceps,1h 7m,Shoulder Press,Dumbbell,9,50.0,3,0,0,,,
10,2024-06-06 18:44:11,Chest and Triceps,1h 7m,Shoulder Press,Dumbbell,10,60.0,2,0,0,,,
10,2024-06-06 18:44:11,Chest and Triceps,1h 7m,Lateral Raise,Dumbbell,11,20.0,12,0,0,"20lbs = 10lbs each arm, no change 1st set\nCheated on 3rd set with 20lb weights",,
10,2024-06-06 18:44:11,Chest and Triceps,1h 7m,Lateral Raise,Dumbbell,12,30.0,7,0,0,,,
10,2024-06-06 18:44:11,Chest and Triceps,1h 7m,Lateral Raise,Dumbbell,13,40.0,5,0,0,,,
11,2024-06-09 16:10:32,Back and Biceps + Some Legs And Core,1h 56m,Straight-leg Deadlift,Barbell,1,135.0,12,0,0,,,
11,2024-06-09 16:10:32,Back and Biceps + Some Legs And Core,1h 56m,Straight-leg Deadlift,Barbell,2,135.0,12,0,0,,,
11,2024-06-09 16:10:32,Back and Biceps + Some Legs And Core,1h 56m,Straight-leg Deadlift,Barbell,3,135.0,12,0,0,,,
11,2024-06-09 16:10:32,Back and Biceps + Some Legs And Core,1h 56m,Straight-leg Deadlift,Barbell,4,135.0,12,0,0,,,
11,2024-06-09 16:10:32,Back and Biceps + Some Legs And Core,1h 56m,Seated Row,Cable,5,130.0,12,0,0,,,
11,2024-06-09 16:10:32,Back and Biceps + Some Legs And Core,1h 56m,Seated Row,Cable,6,130.0,12,0,0,,,
11,2024-06-09 16:10:32,Back and Biceps + Some Legs And Core,1h 56m,Seated Row,Cable,7,140.0,12,0,0,,,
11,2024-06-09 16:10:32,Back and Biceps + Some Legs And Core,1h 56m,Seated Row,Cable,8,150.00000000000000,12,0,0,,,
11,2024-06-09 16:10:32,Back and Biceps + Some Legs And Core,1h 56m,Pulldown	,Cable,9,85.0,12,0,0,,,
11,2024-06-09 16:10:32,Back and Biceps + Some Legs And Core,1h 56m,Pulldown	,Cable,10,85.0,12,0,0,,,
11,2024-06-09 16:10:32,Back and Biceps + Some Legs And Core,1h 56m,Pulldown	,Cable,11,85.0,12,0,0,,,
11,2024-06-09 16:10:32,Back and Biceps + Some Legs And Core,1h 56m,Pulldown	,Cable,12,100.0,12,0,0,,,
11,2024-06-09 16:10:32,Back and Biceps + Some Legs And Core,1h 56m,Curl,Dumbbell,13,20.0,12,0,0,,,
11,2024-06-09 16:10:32,Back and Biceps + Some Legs And Core,1h 56m,Curl,Dumbbell,14,20.0,12,0,0,,,
11,2024-06-09 16:10:32,Back and Biceps + Some Legs And Core,1h 56m,Curl,Dumbbell,15,20.0,12,0,0,,,
11,2024-06-09 16:10:32,Back and Biceps + Some Legs And Core,1h 56m,Curl,Dumbbell,16,20.0,12,0,0,,,
11,2024-06-09 16:10:32,Back and Biceps + Some Legs And Core,1h 56m,T-bar Row,Lever (plate loaded),17,45.0,12,0,0,,,
11,2024-06-09 16:10:32,Back and Biceps + Some Legs And Core,1h 56m,T-bar Row,Lever (plate loaded),18,70.0,12,0,0,,,
11,2024-06-09 16:10:32,Back and Biceps + Some Legs And Core,1h 56m,T-bar Row,Lever (plate loaded),19,70.0,12,0,0,,,
11,2024-06-09 16:10:32,Back and Biceps + Some Legs And Core,1h 56m,T-bar Row,Lever (plate loaded),20,70.0,12,0,0,,,
11,2024-06-09 16:10:32,Back and Biceps + Some Legs And Core,1h 56m,Leg Presses: 45° Leg Press,Sled,21,135.0,12,0,0,,,
11,2024-06-09 16:10:32,Back and Biceps + Some Legs And Core,1h 56m,Leg Presses: 45° Leg Press,Sled,22,225.0,12,0,0,,,
11,2024-06-09 16:10:32,Back and Biceps + Some Legs And Core,1h 56m,Leg Presses: 45° Leg Press,Sled,23,225.0,12,0,0,,,
11,2024-06-09 16:10:32,Back and Biceps + Some Legs And Core,1h 56m,Leg Presses: 45° Leg Press,Sled,24,225.0,12,0,0,,,
11,2024-06-09 16:10:32,Back and Biceps + Some Legs And Core,1h 56m,Roman Chair Sit-up,Body Weight,25,0,12,0,0,,,
11,2024-06-09 16:10:32,Back and Biceps + Some Legs And Core,1h 56m,Roman Chair Sit-up,Body Weight,26,0,12,0,0,,,
11,2024-06-09 16:10:32,Back and Biceps + Some Legs And Core,1h 56m,Roman Chair Sit-up,Body Weight,27,0,12,0,0,,,
12,2024-06-10 22:00:51,Day 1: Chest And Triceps,1h 49m,Bench Press,Barbell,1,95.0,12,0,447,,,
12,2024-06-10 22:00:51,Day 1: Chest And Triceps,1h 49m,Bench Press,Barbell,2,95.0,12,0,0,I failed 115 because of a wrist issue,,
12,2024-06-10 22:00:51,Day 1: Chest And Triceps,1h 49m,Bench Press,Barbell,3,95.0,12,0,0,,,
12,2024-06-10 22:00:51,Day 1: Chest And Triceps,1h 49m,Bench Press,Barbell,4,95.0,12,0,0,,,
12,2024-06-10 22:00:51,Day 1: Chest And Triceps,1h 49m,Bench Press,Barbell,5,115.0,8,0,0,,,
12,2024-06-10 22:00:51,Day 1: Chest And Triceps,1h 49m,Incline Bench Press,Dumbbell,6,40.0,12,0,0,,,
12,2024-06-10 22:00:51,Day 1: Chest And Triceps,1h 49m,Incline Bench Press,Dumbbell,7,50.0,12,0,0,,,
12,2024-06-10 22:00:51,Day 1: Chest And Triceps,1h 49m,Incline Bench Press,Dumbbell,8,60.0,12,0,0,,,
12,2024-06-10 22:00:51,Day 1: Chest And Triceps,1h 49m,Incline Bench Press,Dumbbell,9,70.0,12,0,0,,,
12,2024-06-10 22:00:51,Day 1: Chest And Triceps,1h 49m,Flies: Standing Fly,Cable,10,50.0,12,0,0,30 each arm x 2 = 60 recorded,,
12,2024-06-10 22:00:51,Day 1: Chest And Triceps,1h 49m,Flies: Standing Fly,Cable,11,60.0,12,0,0,,,
12,2024-06-10 22:00:51,Day 1: Chest And Triceps,1h 49m,Flies: Standing Fly,Cable,12,70.0,12,0,0,,,
12,2024-06-10 22:00:51,Day 1: Chest And Triceps,1h 49m,Flies: Standing Fly,Cable,13,80.0,12,0,0,,,
12,2024-06-10 22:00:51,Day 1: Chest And Triceps,1h 49m,Bench Press,Dumbbell,14,40.0,12,0,0,,,
12,2024-06-10 22:00:51,Day 1: Chest And Triceps,1h 49m,Bench Press,Dumbbell,15,50.0,12,0,0,,,
12,2024-06-10 22:00:51,Day 1: Chest And Triceps,1h 49m,Bench Press,Dumbbell,16,60.0,12,0,0,,,
12,2024-06-10 22:00:51,Day 1: Chest And Triceps,1h 49m,Bench Press,Dumbbell,17,70.0,5,0,0,,,
12,2024-06-10 22:00:51,Day 1: Chest And Triceps,1h 49m,Decline Bench Press,Dumbbell,18,20.0,12,0,0,,,
12,2024-06-10 22:00:51,Day 1: Chest And Triceps,1h 49m,Triceps Extension,,19,15.0,12,0,0,,,
12,2024-06-10 22:00:51,Day 1: Chest And Triceps,1h 49m,Triceps Extension,,20,20.0,6,0,0,,,
12,2024-06-10 22:00:51,Day 1: Chest And Triceps,1h 49m,Triceps Extension,,21,15.0,12,0,0,,,
13,2024-06-11 21:50:23,Day 2: Full Body Calisthenics [and MMA],59m,Push-up,Body Weight,1,0,25,0,0,My right wrist hurts. I’m not doing more.,,
13,2024-06-11 21:50:23,Day 2: Full Body Calisthenics [and MMA],59m,Squat,,2,0,20,0,0,,,
13,2024-06-11 21:50:23,Day 2: Full Body Calisthenics [and MMA],59m,Squat,,3,0,20,0,0,,,
13,2024-06-11 21:50:23,Day 2: Full Body Calisthenics [and MMA],59m,Squat,,4,0,20,0,0,,,
13,2024-06-11 21:50:23,Day 2: Full Body Calisthenics [and MMA],59m,Squat,,5,0,20,0,0,,,
13,2024-06-11 21:50:23,Day 2: Full Body Calisthenics [and MMA],59m,Lunge,Body Weight,6,0,5,0,0,5 each leg,,
13,2024-06-11 21:50:23,Day 2: Full Body Calisthenics [and MMA],59m,Lunge,Body Weight,7,0,5,0,0,,,
13,2024-06-11 21:50:23,Day 2: Full Body Calisthenics [and MMA],59m,Lunge,Body Weight,8,0,5,0,0,,,
13,2024-06-11 21:50:23,Day 2: Full Body Calisthenics [and MMA],59m,Lunge,Body Weight,9,0,5,0,0,,,
14,2024-06-12 22:04:05,Back and Biceps,1h 8m,Seated Row,Cable,1,130.0,12,0,0,,,
14,2024-06-12 22:04:05,Back and Biceps,1h 8m,Seated Row,Cable,2,140.0,12,0,0,,,
14,2024-06-12 22:04:05,Back and Biceps,1h 8m,Seated Row,Cable,3,140.0,12,0,0,,,
14,2024-06-12 22:04:05,Back and Biceps,1h 8m,Seated Row,Cable,4,150.00000000000000,12,0,0,,,
14,2024-06-12 22:04:05,Back and Biceps,1h 8m,Pulldown	,Cable,5,70.0,12,0,0,,,
14,2024-06-12 22:04:05,Back and Biceps,1h 8m,Pulldown	,Cable,6,70.0,12,0,0,,,
14,2024-06-12 22:04:05,Back and Biceps,1h 8m,Pulldown	,Cable,7,85.0,12,0,0,,,
14,2024-06-12 22:04:05,Back and Biceps,1h 8m,Pulldown	,Cable,8,85.0,12,0,0,,,
14,2024-06-12 22:04:05,Back and Biceps,1h 8m,Curl,Dumbbell,9,40.0,12,0,0,Previous 20lbs = 40 lbs (20 each arm)\nStruggled on the 25s (50),,
14,2024-06-12 22:04:05,Back and Biceps,1h 8m,Curl,Dumbbell,10,40.0,12,0,0,,,
14,2024-06-12 22:04:05,Back and Biceps,1h 8m,Curl,Dumbbell,11,40.0,12,0,0,,,
14,2024-06-12 22:04:05,Back and Biceps,1h 8m,Curl,Dumbbell,12,50.0,12,0,0,,,
14,2024-06-12 22:04:05,Back and Biceps,1h 8m,Face Pull	,Cable,13,45.0,12,0,0,,,
14,2024-06-12 22:04:05,Back and Biceps,1h 8m,Face Pull	,Cable,14,45.0,12,0,0,,,
14,2024-06-12 22:04:05,Back and Biceps,1h 8m,Face Pull	,Cable,15,50.0,12,0,0,,,
14,2024-06-12 22:04:05,Back and Biceps,1h 8m,Face Pull	,Cable,16,55.0,12,0,0,,,
14,2024-06-12 22:04:05,Back and Biceps,1h 8m,Hammer Curl,Dumbbell,17,40.0,12,0,0,40 = 20 lbs,,
14,2024-06-12 22:04:05,Back and Biceps,1h 8m,Hammer Curl,Dumbbell,18,40.0,12,0,0,,,
14,2024-06-12 22:04:05,Back and Biceps,1h 8m,Hammer Curl,Dumbbell,19,40.0,12,0,0,,,
14,2024-06-12 22:04:05,Back and Biceps,1h 8m,Hammer Curl,Dumbbell,20,40.0,12,0,0,,,
14,2024-06-12 22:04:05,Back and Biceps,1h 8m,Preacher Curl,Dumbbell,21,25.0,12,0,0,,,
14,2024-06-12 22:04:05,Back and Biceps,1h 8m,Preacher Curl,Dumbbell,22,35.0,5,0,0,,,
15,2024-06-15 20:55:20,Legs,1h 5m,Leg Presses: 45° Leg Press,Sled,1,315.0,12,0,0,,,
15,2024-06-15 20:55:20,Legs,1h 5m,Leg Presses: 45° Leg Press,Sled,2,405.0,6,0,0,,,
15,2024-06-15 20:55:20,Legs,1h 5m,Leg Presses: 45° Leg Press,Sled,3,405.0,8,0,0,,,
15,2024-06-15 20:55:20,Legs,1h 5m,Squat,Barbell,4,135.0,12,0,0,I’m so tired bro. I didn’t eat much today either.,,
15,2024-06-15 20:55:20,Legs,1h 5m,Squat,Barbell,5,135.0,2,0,0,,,
15,2024-06-15 20:55:20,Legs,1h 5m,Squat,Barbell,6,135.0,6,0,0,,,
15,2024-06-15 20:55:20,Legs,1h 5m,Squat,Barbell,7,135.0,6,0,0,,,
15,2024-06-15 20:55:20,Legs,1h 5m,Lying Leg Raise,Body Weight,8,0,12,0,0,,,
15,2024-06-15 20:55:20,Legs,1h 5m,Lying Leg Raise,Body Weight,9,0,12,0,0,,,
15,2024-06-15 20:55:20,Legs,1h 5m,Lying Leg Raise,Body Weight,10,0,12,0,0,,,
16,2024-06-21 22:24:45,Day 2: Full Body Calisthenics [and MMA] Copy,1h 6m,Push-up,Body Weight,1,0,12,0,0,,,
16,2024-06-21 22:24:45,Day 2: Full Body Calisthenics [and MMA] Copy,1h 6m,Push-up,Body Weight,2,0,12,0,0,,,
16,2024-06-21 22:24:45,Day 2: Full Body Calisthenics [and MMA] Copy,1h 6m,Push-up,Body Weight,3,0,25,0,0,,,
16,2024-06-21 22:24:45,Day 2: Full Body Calisthenics [and MMA] Copy,1h 6m,Push-up,Body Weight,4,0,12,0,0,,,
16,2024-06-21 22:24:45,Day 2: Full Body Calisthenics [and MMA] Copy,1h 6m,Push-up,Body Weight,5,0,12,0,0,,,
16,2024-06-21 22:24:45,Day 2: Full Body Calisthenics [and MMA] Copy,1h 6m,Squat,Body Weight,6,0,20,0,0,,,
16,2024-06-21 22:24:45,Day 2: Full Body Calisthenics [and MMA] Copy,1h 6m,Squat,Body Weight,7,0,20,0,0,,,
16,2024-06-21 22:24:45,Day 2: Full Body Calisthenics [and MMA] Copy,1h 6m,Squat,Body Weight,8,0,20,0,0,,,
16,2024-06-21 22:24:45,Day 2: Full Body Calisthenics [and MMA] Copy,1h 6m,Squat,Body Weight,9,0,20,0,0,,,
16,2024-06-21 22:24:45,Day 2: Full Body Calisthenics [and MMA] Copy,1h 6m,Lunge,Body Weight,10,0,5,0,0,5 each leg,,
16,2024-06-21 22:24:45,Day 2: Full Body Calisthenics [and MMA] Copy,1h 6m,Bench Dip,Body Weight,11,0,12,0,0,,,
16,2024-06-21 22:24:45,Day 2: Full Body Calisthenics [and MMA] Copy,1h 6m,Bench Dip,Body Weight,12,0,12,0,0,,,
16,2024-06-21 22:24:45,Day 2: Full Body Calisthenics [and MMA] Copy,1h 6m,Bench Dip,Body Weight,13,0,12,0,0,,,
16,2024-06-21 22:24:45,Day 2: Full Body Calisthenics [and MMA] Copy,1h 6m,Bench Dip,Body Weight,14,0,12,0,0,,,
16,2024-06-21 22:24:45,Day 2: Full Body Calisthenics [and MMA] Copy,1h 6m,Roman Chair Sit-up,Body Weight,15,0,12,0,0,,,
16,2024-06-21 22:24:45,Day 2: Full Body Calisthenics [and MMA] Copy,1h 6m,Roman Chair Sit-up,Body Weight,16,0,12,0,0,,,
16,2024-06-21 22:24:45,Day 2: Full Body Calisthenics [and MMA] Copy,1h 6m,Roman Chair Sit-up,Body Weight,17,0,12,0,0,,,
17,2024-06-25 20:59:55,Back and Biceps,2h 25m,Straight-leg Deadlift,Barbell,1,135.0,12,0,0,,,
17,2024-06-25 20:59:55,Back and Biceps,2h 25m,Straight-leg Deadlift,Barbell,2,145.0,12,0,0,,,
17,2024-06-25 20:59:55,Back and Biceps,2h 25m,Straight-leg Deadlift,Barbell,3,155.0,12,0,0,,,
17,2024-06-25 20:59:55,Back and Biceps,2h 25m,Seated Row,Cable,4,140.0,12,0,0,,,
17,2024-06-25 20:59:55,Back and Biceps,2h 25m,Seated Row,Cable,5,150.00000000000000,12,0,0,,,
17,2024-06-25 20:59:55,Back and Biceps,2h 25m,Seated Row,Cable,6,160.0,12,0,0,,,
17,2024-06-25 20:59:55,Back and Biceps,2h 25m,Drums,,7,0,0,0,1200,,,
17,2024-06-25 20:59:55,Back and Biceps,2h 25m,Pulldown	,Cable,8,85.0,12,0,0,Trash reps 100lbs\nTrash reps 115,,
17,2024-06-25 20:59:55,Back and Biceps,2h 25m,Pulldown	,Cable,9,100.0,12,0,0,,,
17,2024-06-25 20:59:55,Back and Biceps,2h 25m,Pulldown	,Cable,10,115.0,12,0,0,,,
17,2024-06-25 20:59:55,Back and Biceps,2h 25m,Curl,Dumbbell,11,25.0,12,0,0,"Unrushed good, clean reps",,
17,2024-06-25 20:59:55,Back and Biceps,2h 25m,Curl,Dumbbell,12,25.0,12,0,0,,,
17,2024-06-25 20:59:55,Back and Biceps,2h 25m,Curl,Dumbbell,13,25.0,12,0,0,,,
18,2024-06-28 20:37:54,Chest and Triceps,2h 29m,Bench Press,Barbell,1,135.0,8,0,0,,,
18,2024-06-28 20:37:54,Chest and Triceps,2h 29m,Bench Press,Barbell,2,135.0,8,0,0,,,
18,2024-06-28 20:37:54,Chest and Triceps,2h 29m,Bench Press,Barbell,3,135.0,6,0,0,,,
18,2024-06-28 20:37:54,Chest and Triceps,2h 29m,Incline Bench Press,Dumbbell,4,30.0,12,0,0,40 each arm,,
18,2024-06-28 20:37:54,Chest and Triceps,2h 29m,Incline Bench Press,Dumbbell,5,40.0,10,0,0,,,
18,2024-06-28 20:37:54,Chest and Triceps,2h 29m,Incline Bench Press,Dumbbell,6,45.0,3,0,0,,,
18,2024-06-28 20:37:54,Chest and Triceps,2h 29m,Incline Bench Press,Dumbbell,7,45.0,2,0,0,,,
18,2024-06-28 20:37:54,Chest and Triceps,2h 29m,Military Press,Barbell,8,65.0,6,0,0,,,
18,2024-06-28 20:37:54,Chest and Triceps,2h 29m,Military Press,Barbell,9,65.0,8,0,0,,,
18,2024-06-28 20:37:54,Chest and Triceps,2h 29m,Military Press,Barbell,10,45.0,6,0,0,,,
18,2024-06-28 20:37:54,Chest and Triceps,2h 29m,Military Press,Barbell,11,45.0,12,0,0,,,
18,2024-06-28 20:37:54,Chest and Triceps,2h 29m,Lateral Raise,Dumbbell,12,10.0,12,0,0,10lbs each arm,,
18,2024-06-28 20:37:54,Chest and Triceps,2h 29m,Lateral Raise,Dumbbell,13,12.5,9,0,0,,,
18,2024-06-28 20:37:54,Chest and Triceps,2h 29m,Lateral Raise,Dumbbell,14,15.0,5,0,0,,,
18,2024-06-28 20:37:54,Chest and Triceps,2h 29m,Lateral Raise,Cable,15,15.0,5,0,0,,,
18,2024-06-28 20:37:54,Chest and Triceps,2h 29m,Lateral Raise,Cable,16,15.0,11,0,0,,,
18,2024-06-28 20:37:54,Chest and Triceps,2h 29m,Lateral Raise,Cable,17,15.0,12,0,0,,,
18,2024-06-28 20:37:54,Chest and Triceps,2h 29m,Lateral Raise,Cable,18,15.0,12,0,0,,,
18,2024-06-28 20:37:54,Chest and Triceps,2h 29m,Lying Triceps Extension: Skull Crusher,Barbell,19,20.0,5,0,0,,,
18,2024-06-28 20:37:54,Chest and Triceps,2h 29m,Lying Triceps Extension: Skull Crusher,Barbell,20,30.0,12,0,0,,,
18,2024-06-28 20:37:54,Chest and Triceps,2h 29m,Lying Triceps Extension: Skull Crusher,Barbell,21,40.0,10,0,0,,,
18,2024-06-28 20:37:54,Chest and Triceps,2h 29m,Lying Triceps Extension: Skull Crusher,Barbell,22,40.0,9,0,0,,,
18,2024-06-28 20:37:54,Chest and Triceps,2h 29m,Lying Triceps Extension: Skull Crusher,Barbell,23,45.0,12,0,0,,,
18,2024-06-28 20:37:54,Chest and Triceps,2h 29m,Lying Leg Raise,Body Weight,24,0,20,0,0,,,
18,2024-06-28 20:37:54,Chest and Triceps,2h 29m,Close Grip Push-up,Body Weight,25,0,30,0,0,,,
18,2024-06-28 20:37:54,Chest and Triceps,2h 29m,Close Grip Push-up,Body Weight,26,0,30,0,0,,,
19,2024-07-03 20:56:13,Back and Biceps,1h 23m,Deadlift,Barbell,1,225.0,3,0,0,,,
19,2024-07-03 20:56:13,Back and Biceps,1h 23m,Deadlift,Barbell,2,295.0,0,0,0,,,
19,2024-07-03 20:56:13,Back and Biceps,1h 23m,Seated Row,Cable,3,150.00000000000000,12,0,0,,,
19,2024-07-03 20:56:13,Back and Biceps,1h 23m,Seated Row,Cable,4,160.0,12,0,0,,,
19,2024-07-03 20:56:13,Back and Biceps,1h 23m,Seated Row,Cable,5,170.0,12,0,0,,,
19,2024-07-03 20:56:13,Back and Biceps,1h 23m,Pulldown	,Cable,6,100.0,11,0,0,Slightly better form,,
19,2024-07-03 20:56:13,Back and Biceps,1h 23m,Pulldown	,Cable,7,85.0,8,0,0,,,
19,2024-07-03 20:56:13,Back and Biceps,1h 23m,Pulldown	,Cable,8,85.0,8,0,0,,,
19,2024-07-03 20:56:13,Back and Biceps,1h 23m,Pulldown	,Cable,9,70.0,12,0,0,,,
19,2024-07-03 20:56:13,Back and Biceps,1h 23m,Pulldown	,Cable,10,85.0,12,0,0,,,
19,2024-07-03 20:56:13,Back and Biceps,1h 23m,Curl,Dumbbell,11,25.0,12,0,0,Good form,,
19,2024-07-03 20:56:13,Back and Biceps,1h 23m,Curl,Dumbbell,12,30.0,5,0,0,,,
19,2024-07-03 20:56:13,Back and Biceps,1h 23m,Curl,Dumbbell,13,35.0,1,0,0,,,
19,2024-07-03 20:56:13,Back and Biceps,1h 23m,Curl,Dumbbell,14,25.0,12,0,0,,,
20,2024-07-03 22:19:23,Legs,52m,Leg Presses: 45° Leg Press,Sled,1,315.0,12,0,0,,,
20,2024-07-03 22:19:23,Legs,52m,Leg Presses: 45° Leg Press,Sled,2,405.0,6,0,0,,,
20,2024-07-03 22:19:23,Legs,52m,Leg Presses: 45° Leg Press,Sled,3,405.0,8,0,0,,,
20,2024-07-03 22:19:23,Legs,52m,Leg Extension,Lever (selectorized),4,60.0,12,0,0,Bad reps at 90lbs,,
20,2024-07-03 22:19:23,Legs,52m,Leg Extension,Lever (selectorized),5,75.00000000000000,12,0,0,,,
20,2024-07-03 22:19:23,Legs,52m,Leg Extension,Lever (selectorized),6,90.0,12,0,0,,,
20,2024-07-03 22:19:23,Legs,52m,Seated Leg Curl,Lever (selectorized),7,75.00000000000000,12,0,0,,,
20,2024-07-03 22:19:23,Legs,52m,Seated Leg Curl,Lever (selectorized),8,90.0,12,0,0,,,
20,2024-07-03 22:19:23,Legs,52m,Seated Leg Curl,Lever (selectorized),9,105.0,12,0,0,,,
20,2024-07-03 22:19:23,Legs,52m,Lying Leg Raise,Cable,10,0,20,0,0,,,
20,2024-07-03 22:19:23,Legs,52m,Standing Calf Raise,Dumbbell,11,25.0,12,0,0,,,
20,2024-07-03 22:19:23,Legs,52m,Standing Calf Raise,Dumbbell,12,35.0,12,0,0,,,
20,2024-07-03 22:19:23,Legs,52m,Standing Calf Raise,Dumbbell,13,35.0,12,0,0,,,
21,2024-07-04 22:26:48,Chest and Triceps,1h 19m,Bench Press,Dumbbell,1,35.0,12,0,0,,,
21,2024-07-04 22:26:48,Chest and Triceps,1h 19m,Bench Press,Dumbbell,2,40.0,12,0,0,,,
21,2024-07-04 22:26:48,Chest and Triceps,1h 19m,Bench Press,Dumbbell,3,45.0,12,0,0,,,
21,2024-07-04 22:26:48,Chest and Triceps,1h 19m,Bench Press,Dumbbell,4,50.0,8,0,0,,,
21,2024-07-04 22:26:48,Chest and Triceps,1h 19m,Incline Bench Press,Dumbbell,5,30.0,12,0,0,,,
21,2024-07-04 22:26:48,Chest and Triceps,1h 19m,Incline Bench Press,Dumbbell,6,40.0,9,0,0,,,
21,2024-07-04 22:26:48,Chest and Triceps,1h 19m,Incline Bench Press,Dumbbell,7,45.0,7,0,0,,,
21,2024-07-04 22:26:48,Chest and Triceps,1h 19m,Military Press,Barbell,8,65.0,6,0,0,,,
21,2024-07-04 22:26:48,Chest and Triceps,1h 19m,Military Press,Barbell,9,65.0,4,0,0,,,
21,2024-07-04 22:26:48,Chest and Triceps,1h 19m,Military Press,Barbell,10,65.0,5,0,0,,,
21,2024-07-04 22:26:48,Chest and Triceps,1h 19m,Military Press,Barbell,11,65.0,4,0,0,,,
21,2024-07-04 22:26:48,Chest and Triceps,1h 19m,Lateral Raise,Dumbbell,12,10.0,12,0,0,,,
21,2024-07-04 22:26:48,Chest and Triceps,1h 19m,Lateral Raise,Dumbbell,13,10.0,12,0,0,,,
21,2024-07-04 22:26:48,Chest and Triceps,1h 19m,Lateral Raise,Dumbbell,14,10.0,12,0,0,,,
21,2024-07-04 22:26:48,Chest and Triceps,1h 19m,Lateral Raise,Dumbbell,15,10.0,12,0,0,,,
21,2024-07-04 22:26:48,Chest and Triceps,1h 19m,Triceps Extension,Cable,16,15.0,12,0,0,,,
21,2024-07-04 22:26:48,Chest and Triceps,1h 19m,Triceps Extension,Cable,17,20.0,5,0,0,,,
21,2024-07-04 22:26:48,Chest and Triceps,1h 19m,Triceps Extension,Cable,18,20.0,6,0,0,,,
21,2024-07-04 22:26:48,Chest and Triceps,1h 19m,Close Grip Push-up,Body Weight,19,0,30,0,0,,,
21,2024-07-04 22:26:48,Chest and Triceps,1h 19m,Close Grip Push-up,Body Weight,20,0,30,0,0,,,
21,2024-07-04 22:26:48,Chest and Triceps,1h 19m,Close Grip Push-up,Body Weight,21,0,30,0,0,,,
22,2024-07-08 18:21:11,Day 1: Chest And Triceps,1h 27m,Bench Press,Barbell,1,135.0,9,0,0,,,
22,2024-07-08 18:21:11,Day 1: Chest And Triceps,1h 27m,Bench Press,Barbell,2,135.0,7,0,0,,,
22,2024-07-08 18:21:11,Day 1: Chest And Triceps,1h 27m,Bench Press,Barbell,3,155.0,2,0,0,,,
22,2024-07-08 18:21:11,Day 1: Chest And Triceps,1h 27m,Incline Bench Press,Dumbbell,4,40.0,12,0,0,,,
22,2024-07-08 18:21:11,Day 1: Chest And Triceps,1h 27m,Incline Bench Press,Dumbbell,5,45.0,8,0,0,,,
22,2024-07-08 18:21:11,Day 1: Chest And Triceps,1h 27m,Incline Bench Press,Dumbbell,6,50.0,2,0,0,,,
22,2024-07-08 18:21:11,Day 1: Chest And Triceps,1h 27m,Incline Bench Press,Dumbbell,7,45.0,3,0,0,,,
22,2024-07-08 18:21:11,Day 1: Chest And Triceps,1h 27m,Lying Triceps Extension: Skull Crusher,Dumbbell,8,45.0,12,0,0,Last rep split to 8 + 4,,
22,2024-07-08 18:21:11,Day 1: Chest And Triceps,1h 27m,Lying Triceps Extension: Skull Crusher,Dumbbell,9,45.0,12,0,0,,,
22,2024-07-08 18:21:11,Day 1: Chest And Triceps,1h 27m,Lying Triceps Extension: Skull Crusher,Dumbbell,10,45.0,12,0,0,,,
22,2024-07-08 18:21:11,Day 1: Chest And Triceps,1h 27m,Triceps Dip,Body Weight,11,0,8,0,0,,,
22,2024-07-08 18:21:11,Day 1: Chest And Triceps,1h 27m,Military Press,Barbell,12,45.0,5,0,0,,,
22,2024-07-08 18:21:11,Day 1: Chest And Triceps,1h 27m,Military Press,Barbell,13,65.0,2,0,0,,,
22,2024-07-08 18:21:11,Day 1: Chest And Triceps,1h 27m,Military Press,Barbell,14,65.0,2,0,0,,,
22,2024-07-08 18:21:11,Day 1: Chest And Triceps,1h 27m,Military Press,Barbell,15,65.0,3,0,0,,,
22,2024-07-08 18:21:11,Day 1: Chest And Triceps,1h 27m,Lateral Raise,Dumbbell,16,10.0,12,0,0,,,
22,2024-07-08 18:21:11,Day 1: Chest And Triceps,1h 27m,Lateral Raise,Dumbbell,17,12.5,12,0,0,,,
22,2024-07-08 18:21:11,Day 1: Chest And Triceps,1h 27m,Lateral Raise,Dumbbell,18,12.5,8,0,0,,,
22,2024-07-08 18:21:11,Day 1: Chest And Triceps,1h 27m,Lying Triceps Extension: Skull Crusher,Dumbbell,19,10.0,12,0,0,,,
22,2024-07-08 18:21:11,Day 1: Chest And Triceps,1h 27m,Lying Triceps Extension: Skull Crusher,Dumbbell,20,20.0,2,0,0,,,
22,2024-07-08 18:21:11,Day 1: Chest And Triceps,1h 27m,Lying Triceps Extension: Skull Crusher,Dumbbell,21,15.0,3,0,0,,,
22,2024-07-08 18:21:11,Day 1: Chest And Triceps,1h 27m,Lying Triceps Extension: Skull Crusher,Dumbbell,22,15.0,4,0,0,,,
23,2024-07-09 22:36:27,Back and Biceps,1h 53m,Straight-leg Deadlift,Barbell,1,145.0,12,0,0,,,
23,2024-07-09 22:36:27,Back and Biceps,1h 53m,Straight-leg Deadlift,Barbell,2,155.0,12,0,0,,,
23,2024-07-09 22:36:27,Back and Biceps,1h 53m,Straight-leg Deadlift,Barbell,3,165.0,12,0,0,,,
23,2024-07-09 22:36:27,Back and Biceps,1h 53m,Seated Row,Cable,4,80.0,12,0,0,,,
23,2024-07-09 22:36:27,Back and Biceps,1h 53m,Seated Row,Cable,5,80.0,10,0,0,,,
23,2024-07-09 22:36:27,Back and Biceps,1h 53m,Seated Row,Cable,6,80.0,12,0,0,,,
23,2024-07-09 22:36:27,Back and Biceps,1h 53m,Pulldown	,Cable,7,80.0,12,0,0,,,
23,2024-07-09 22:36:27,Back and Biceps,1h 53m,Curl,Barbell,8,20.0,12,0,0,,,
23,2024-07-09 22:36:27,Back and Biceps,1h 53m,Curl,Barbell,9,20.0,12,0,0,,,
23,2024-07-09 22:36:27,Back and Biceps,1h 53m,Curl,Barbell,10,20.0,12,0,0,,,
23,2024-07-09 22:36:27,Back and Biceps,1h 53m,Concentration Curl,Dumbbell,11,20.0,12,0,0,,,
23,2024-07-09 22:36:27,Back and Biceps,1h 53m,Concentration Curl,Dumbbell,12,20.0,12,0,0,,,
23,2024-07-09 22:36:27,Back and Biceps,1h 53m,Concentration Curl,Dumbbell,13,20.0,5,0,0,,,
24,2024-07-10 18:42:03,Legs,1h 22m,Leg Presses: 45° Leg Press,Sled,1,135.0,5,0,0,,,
24,2024-07-10 18:42:03,Legs,1h 22m,Leg Presses: 45° Leg Press,Sled,2,315.0,12,0,0,,,
24,2024-07-10 18:42:03,Legs,1h 22m,Leg Presses: 45° Leg Press,Sled,3,405.0,9,0,0,,,
24,2024-07-10 18:42:03,Legs,1h 22m,Leg Presses: 45° Leg Press,Sled,4,405.0,12,0,0,,,
24,2024-07-10 18:42:03,Legs,1h 22m,Squat,Barbell,5,135.0,9,0,0,,,
24,2024-07-10 18:42:03,Legs,1h 22m,Standing Calf Raise,Dumbbell,6,25.0,12,0,0,,,
24,2024-07-10 18:42:03,Legs,1h 22m,Standing Calf Raise,Dumbbell,7,35.0,12,0,0,,,
24,2024-07-10 18:42:03,Legs,1h 22m,Standing Calf Raise,Dumbbell,8,25.0,12,0,0,,,
25,2024-07-12 21:34:25,Chest and Triceps,1h 31m,Bench Press,Barbell,1,135.0,8,0,0,,,
25,2024-07-12 21:34:25,Chest and Triceps,1h 31m,Bench Press,Barbell,2,135.0,5,0,0,,,
25,2024-07-12 21:34:25,Chest and Triceps,1h 31m,Bench Press,Barbell,3,135.0,5,0,0,,,
25,2024-07-12 21:34:25,Chest and Triceps,1h 31m,Incline Bench Press,Dumbbell,4,40.0,8,0,0,,,
25,2024-07-12 21:34:25,Chest and Triceps,1h 31m,Incline Bench Press,Dumbbell,5,40.0,8,0,0,,,
25,2024-07-12 21:34:25,Chest and Triceps,1h 31m,Incline Bench Press,Dumbbell,6,40.0,8,0,0,,,
25,2024-07-12 21:34:25,Chest and Triceps,1h 31m,Military Press,Barbell,7,45.0,6,0,0,,,
25,2024-07-12 21:34:25,Chest and Triceps,1h 31m,Military Press,Barbell,8,65.0,6,0,0,,,
25,2024-07-12 21:34:25,Chest and Triceps,1h 31m,Military Press,Barbell,9,75.00000000000000,4,0,0,,,
25,2024-07-12 21:34:25,Chest and Triceps,1h 31m,Military Press,Barbell,10,75.00000000000000,2,0,0,,,
25,2024-07-12 21:34:25,Chest and Triceps,1h 31m,Lateral Raise,Cable,11,25.0,7,0,0,,,
25,2024-07-12 21:34:25,Chest and Triceps,1h 31m,Lateral Raise,Cable,12,20.0,10,0,0,,,
25,2024-07-12 21:34:25,Chest and Triceps,1h 31m,Lateral Raise,Cable,13,20.0,6,0,0,,,
25,2024-07-12 21:34:25,Chest and Triceps,1h 31m,Decline Chest Press,Lever (plate loaded),14,15.0,12,0,0,,,
25,2024-07-12 21:34:25,Chest and Triceps,1h 31m,Decline Chest Press,Lever (plate loaded),15,20.0,12,0,0,,,
25,2024-07-12 21:34:25,Chest and Triceps,1h 31m,Decline Chest Press,Lever (plate loaded),16,25.0,12,0,0,,,
25,2024-07-12 21:34:25,Chest and Triceps,1h 31m,Lying Triceps Extension: Skull Crusher,Dumbbell,17,40.0,12,0,0,,,
25,2024-07-12 21:34:25,Chest and Triceps,1h 31m,Lying Triceps Extension: Skull Crusher,Dumbbell,18,45.0,12,0,0,,,
25,2024-07-12 21:34:25,Chest and Triceps,1h 31m,Lying Triceps Extension: Skull Crusher,Dumbbell,19,50.0,12,0,0,,,
25,2024-07-12 21:34:25,Chest and Triceps,1h 31m,Flies: Standing Fly,Cable,20,45.0,8,0,0,,,
25,2024-07-12 21:34:25,Chest and Triceps,1h 31m,Flies: Standing Fly,Cable,21,50.0,2,0,0,,,
25,2024-07-12 21:34:25,Chest and Triceps,1h 31m,Flies: Standing Fly,Cable,22,50.0,3,0,0,,,
25,2024-07-12 21:34:25,Chest and Triceps,1h 31m,Triceps Dip,,23,0,5,0,0,,,
25,2024-07-12 21:34:25,Chest and Triceps,1h 31m,Triceps Dip,,24,0,5,0,0,,,
25,2024-07-12 21:34:25,Chest and Triceps,1h 31m,Triceps Dip,,25,0,5,0,0,,,
25,2024-07-12 21:34:25,Chest and Triceps,1h 31m,Lying Leg Raise,Body Weight,26,0,12,0,0,,,
25,2024-07-12 21:34:25,Chest and Triceps,1h 31m,Lying Leg Raise,Body Weight,27,0,12,0,0,,,
26,2024-07-15 18:28:46,Back and Biceps,1h 18m,Straight-leg Deadlift,Barbell,1,185.00000000000000,8,0,0,,,
26,2024-07-15 18:28:46,Back and Biceps,1h 18m,Straight-leg Deadlift,Barbell,2,185.00000000000000,6,0,0,,,
26,2024-07-15 18:28:46,Back and Biceps,1h 18m,Straight-leg Deadlift,Barbell,3,235.0,1,0,0,,,
26,2024-07-15 18:28:46,Back and Biceps,1h 18m,Seated Row,Cable,4,170.0,12,0,0,,,
26,2024-07-15 18:28:46,Back and Biceps,1h 18m,Seated Row,Cable,5,180.0,12,0,0,,,
26,2024-07-15 18:28:46,Back and Biceps,1h 18m,Seated Row,Cable,6,190.0,12,0,0,,,
26,2024-07-15 18:28:46,Back and Biceps,1h 18m,Pulldown	,Cable,7,85.0,12,0,0,,,
26,2024-07-15 18:28:46,Back and Biceps,1h 18m,Pulldown	,Cable,8,100.0,12,0,0,,,
26,2024-07-15 18:28:46,Back and Biceps,1h 18m,Pulldown	,Cable,9,115.0,6,0,0,,,
26,2024-07-15 18:28:46,Back and Biceps,1h 18m,Pulldown	,Cable,10,115.0,4,0,0,,,
26,2024-07-15 18:28:46,Back and Biceps,1h 18m,Pulldown	,Cable,11,100.0,5,0,0,,,
26,2024-07-15 18:28:46,Back and Biceps,1h 18m,Curl,Dumbbell,12,20.0,12,0,0,,,
26,2024-07-15 18:28:46,Back and Biceps,1h 18m,Curl,Dumbbell,13,25.0,6,0,0,,,
26,2024-07-15 18:28:46,Back and Biceps,1h 18m,Curl,Dumbbell,14,25.0,5,0,0,,,
26,2024-07-15 18:28:46,Back and Biceps,1h 18m,Bent Over One Arm Row (Dumbbell),Dumbbell,15,25.0,12,0,0,,,
26,2024-07-15 18:28:46,Back and Biceps,1h 18m,Bent Over One Arm Row (Dumbbell),Dumbbell,16,30.0,12,0,0,,,
26,2024-07-15 18:28:46,Back and Biceps,1h 18m,Bent Over One Arm Row (Dumbbell),Dumbbell,17,35.0,12,0,0,,,
26,2024-07-15 18:28:46,Back and Biceps,1h 18m,Close Grip Push-up,Body Weight,18,0,20,0,0,,,
26,2024-07-15 18:28:46,Back and Biceps,1h 18m,Close Grip Push-up,Body Weight,19,0,20,0,0,,,
26,2024-07-15 18:28:46,Back and Biceps,1h 18m,Close Grip Push-up,Body Weight,20,0,20,0,0,,,
27,2024-07-22 20:56:37,Legs,1h 18m,Squat,Barbell,1,45.0,12,0,0,,,
27,2024-07-22 20:56:37,Legs,1h 18m,Squat,Barbell,2,65.0,12,0,0,,,
27,2024-07-22 20:56:37,Legs,1h 18m,Squat,Barbell,3,95.0,12,0,0,,,
27,2024-07-22 20:56:37,Legs,1h 18m,Squat,Barbell,4,95.0,5,0,0,,,
27,2024-07-22 20:56:37,Legs,1h 18m,Squat,Barbell,5,95.0,5,0,0,,,
27,2024-07-22 20:56:37,Legs,1h 18m,Squat,Barbell,6,95.0,5,0,0,,,
27,2024-07-22 20:56:37,Legs,1h 18m,Squat,Barbell,7,105.0,5,0,0,,,
27,2024-07-22 20:56:37,Legs,1h 18m,Leg Extension,Lever (selectorized),8,60.0,12,0,0,,,
27,2024-07-22 20:56:37,Legs,1h 18m,Leg Extension,Lever (selectorized),9,75.00000000000000,12,0,0,,,
27,2024-07-22 20:56:37,Legs,1h 18m,Leg Extension,Lever (selectorized),10,90.0,6,0,0,,,
27,2024-07-22 20:56:37,Legs,1h 18m,Leg Extension,Lever (selectorized),11,90.0,6,0,0,,,
27,2024-07-22 20:56:37,Legs,1h 18m,Seated Leg Curl,Lever (selectorized),12,75.00000000000000,12,0,0,,,
27,2024-07-22 20:56:37,Legs,1h 18m,Seated Leg Curl,Lever (selectorized),13,90.0,12,0,0,,,
27,2024-07-22 20:56:37,Legs,1h 18m,Seated Leg Curl,Lever (selectorized),14,105.0,12,0,0,,,
27,2024-07-22 20:56:37,Legs,1h 18m,Lying Leg Raise,Body Weight,15,0,12,0,0,,,
27,2024-07-22 20:56:37,Legs,1h 18m,Lying Leg Raise,Body Weight,16,0,12,0,0,,,
27,2024-07-22 20:56:37,Legs,1h 18m,Lying Leg Raise,Body Weight,17,0,12,0,0,,,
27,2024-07-22 20:56:37,Legs,1h 18m,Standing Calf Raise,Dumbbell,18,25.0,12,0,0,,,
27,2024-07-22 20:56:37,Legs,1h 18m,Standing Calf Raise,Dumbbell,19,30.0,12,0,0,,,
27,2024-07-22 20:56:37,Legs,1h 18m,Standing Calf Raise,Dumbbell,20,35.0,12,0,0,,,
27,2024-07-22 20:56:37,Legs,1h 18m,Standing Calf Raise,Dumbbell,21,40.0,12,0,0,,,
28,2024-07-27 12:07:34,Chest and Triceps,1h 9m,Bench Press,,1,40.0,12,0,0,,,
28,2024-07-27 12:07:34,Chest and Triceps,1h 9m,Bench Press,,2,45.0,12,0,0,,,
28,2024-07-27 12:07:34,Chest and Triceps,1h 9m,Bench Press,,3,50.0,7,0,0,,,
28,2024-07-27 12:07:34,Chest and Triceps,1h 9m,Bench Press,,4,50.0,4,0,0,,,
28,2024-07-27 12:07:34,Chest and Triceps,1h 9m,Incline Bench Press,Dumbbell,5,40.0,9,0,0,,,
28,2024-07-27 12:07:34,Chest and Triceps,1h 9m,Incline Bench Press,Dumbbell,6,40.0,8,0,0,,,
28,2024-07-27 12:07:34,Chest and Triceps,1h 9m,Incline Bench Press,Dumbbell,7,40.0,5,0,0,,,
28,2024-07-27 12:07:34,Chest and Triceps,1h 9m,Military Press,Barbell,8,45.0,11,0,0,,,
28,2024-07-27 12:07:34,Chest and Triceps,1h 9m,Military Press,Barbell,9,45.0,12,0,0,,,
28,2024-07-27 12:07:34,Chest and Triceps,1h 9m,Military Press,Barbell,10,65.0,3,0,0,,,
28,2024-07-27 12:07:34,Chest and Triceps,1h 9m,Lateral Raise,Dumbbell,11,10.0,12,0,0,Trash 12,,
28,2024-07-27 12:07:34,Chest and Triceps,1h 9m,Lateral Raise,Dumbbell,12,15.0,12,0,0,,,
28,2024-07-27 12:07:34,Chest and Triceps,1h 9m,Lateral Raise,Dumbbell,13,15.0,12,0,0,,,
28,2024-07-27 12:07:34,Chest and Triceps,1h 9m,Decline Chest Press,Lever (plate loaded),14,20.0,12,0,0,,,
28,2024-07-27 12:07:34,Chest and Triceps,1h 9m,Decline Chest Press,Lever (plate loaded),15,25.0,12,0,0,,,
28,2024-07-27 12:07:34,Chest and Triceps,1h 9m,Decline Chest Press,Lever (plate loaded),16,30.0,12,0,0,,,
29,2024-07-29 19:03:01,Back and Biceps,46m,Deadlift,Barbell,1,225.0,3,0,0,,,
29,2024-07-29 19:03:01,Back and Biceps,46m,Seated Row,Cable,2,180.0,12,0,0,,,
29,2024-07-29 19:03:01,Back and Biceps,46m,Seated Row,Cable,3,180.0,8,0,0,,,
29,2024-07-29 19:03:01,Back and Biceps,46m,Seated Row,Cable,4,200.0,8,0,0,,,
29,2024-07-29 19:03:01,Back and Biceps,46m,Pulldown	,Cable,5,85.0,12,0,0,,,
29,2024-07-29 19:03:01,Back and Biceps,46m,Pulldown	,Cable,6,100.0,11,0,0,,,
29,2024-07-29 19:03:01,Back and Biceps,46m,Pulldown	,Cable,7,115.0,5,0,0,,,
29,2024-07-29 19:03:01,Back and Biceps,46m,Pulldown	,Cable,8,115.0,3,0,0,,,
29,2024-07-29 19:03:01,Back and Biceps,46m,Concentration Curl,Dumbbell,9,20.0,12,0,0,,,
29,2024-07-29 19:03:01,Back and Biceps,46m,Concentration Curl,Dumbbell,10,25.0,7,0,0,,,
29,2024-07-29 19:03:01,Back and Biceps,46m,Concentration Curl,Dumbbell,11,25.0,8,0,0,,,
30,2024-07-31 20:28:58,Legs,1h 13m,Squat,Barbell,1,45.0,8,0,0,,,
30,2024-07-31 20:28:58,Legs,1h 13m,Squat,Barbell,2,62.00000000000000,8,0,0,,,
30,2024-07-31 20:28:58,Legs,1h 13m,Squat,Barbell,3,65.0,12,0,0,,,
30,2024-07-31 20:28:58,Legs,1h 13m,Squat,Barbell,4,95.0,12,0,0,,,
30,2024-07-31 20:28:58,Legs,1h 13m,Squat,Barbell,5,115.0,12,0,0,,,
30,2024-07-31 20:28:58,Legs,1h 13m,Leg Extension,Lever (selectorized),6,75.00000000000000,12,0,0,,,
30,2024-07-31 20:28:58,Legs,1h 13m,Leg Extension,Lever (selectorized),7,90.0,12,0,0,,,
30,2024-07-31 20:28:58,Legs,1h 13m,Leg Extension,Lever (selectorized),8,105.0,8,0,0,,,
30,2024-07-31 20:28:58,Legs,1h 13m,Seated Leg Curl,Lever (selectorized),9,90.0,12,0,0,,,
30,2024-07-31 20:28:58,Legs,1h 13m,Seated Leg Curl,Lever (selectorized),10,105.0,12,0,0,,,
30,2024-07-31 20:28:58,Legs,1h 13m,Seated Leg Curl,Lever (selectorized),11,120.0,8,0,0,,,
30,2024-07-31 20:28:58,Legs,1h 13m,Lying Leg Raise,Body Weight,12,0,12,0,0,,,
30,2024-07-31 20:28:58,Legs,1h 13m,Lying Leg Raise,Body Weight,13,0,10,0,0,,,
30,2024-07-31 20:28:58,Legs,1h 13m,Lying Leg Raise,Body Weight,14,0,12,0,0,,,
31,2024-08-01 22:48:43,Chest and Triceps,1h 12m,Bench Press,Barbell,1,115.0,12,0,0,,,
31,2024-08-01 22:48:43,Chest and Triceps,1h 12m,Bench Press,Barbell,2,95.0,12,0,0,,,
31,2024-08-01 22:48:43,Chest and Triceps,1h 12m,Bench Press,Barbell,3,95.0,12,0,0,,,
31,2024-08-01 22:48:43,Chest and Triceps,1h 12m,Bench Press,Barbell,4,95.0,5,0,0,,,
31,2024-08-01 22:48:43,Chest and Triceps,1h 12m,Incline Bench Press,Dumbbell,5,35.0,10,0,0,,,
31,2024-08-01 22:48:43,Chest and Triceps,1h 12m,Incline Bench Press,Dumbbell,6,35.0,12,0,0,,,
31,2024-08-01 22:48:43,Chest and Triceps,1h 12m,Incline Bench Press,Dumbbell,7,35.0,11,0,0,,,
31,2024-08-01 22:48:43,Chest and Triceps,1h 12m,Military Press,Barbell,8,45.0,8,0,0,,,
31,2024-08-01 22:48:43,Chest and Triceps,1h 12m,Military Press,Barbell,9,45.0,12,0,0,,,
31,2024-08-01 22:48:43,Chest and Triceps,1h 12m,Military Press,Barbell,10,45.0,12,0,0,,,
31,2024-08-01 22:48:43,Chest and Triceps,1h 12m,Flies: Standing Fly,Cable,11,30.0,12,0,0,,,
31,2024-08-01 22:48:43,Chest and Triceps,1h 12m,Flies: Standing Fly,Cable,12,35.0,5,0,0,,,
32,2024-08-14 20:54:00,Back and Biceps,1h 15m,Pulldown	,Cable,1,70.0,12,0,0,,,
32,2024-08-14 20:54:00,Back and Biceps,1h 15m,Pulldown	,Cable,2,80.0,12,0,0,,,
32,2024-08-14 20:54:00,Back and Biceps,1h 15m,Pulldown	,Cable,3,90.0,12,0,0,,,
32,2024-08-14 20:54:00,Back and Biceps,1h 15m,Pulldown	,Cable,4,100.0,5,0,0,,,
32,2024-08-14 20:54:00,Back and Biceps,1h 15m,Pulldown	,Cable,5,70.0,12,0,0,,,
32,2024-08-14 20:54:00,Back and Biceps,1h 15m,Pulldown	,Cable,6,80.0,12,0,0,,,
32,2024-08-14 20:54:00,Back and Biceps,1h 15m,Pulldown	,Cable,7,90.0,12,0,0,,,
32,2024-08-14 20:54:00,Back and Biceps,1h 15m,Concentration Curl,Dumbbell,8,25.0,10,0,0,,,
32,2024-08-14 20:54:00,Back and Biceps,1h 15m,Concentration Curl,Dumbbell,9,20.0,12,0,0,,,
32,2024-09-09 22:41:58,Chest and Triceps,1h 17m,Bench Press,Dumbbell,10,35.0,12,0,0,,,
32,2024-09-09 22:41:58,Chest and Triceps,1h 17m,Bench Press,Dumbbell,11,40.0,12,0,0,,,
32,2024-09-09 22:41:58,Chest and Triceps,1h 17m,Bench Press,Dumbbell,12,45.0,12,0,0,,,
32,2024-09-09 22:41:58,Chest and Triceps,1h 17m,Bench Press,Dumbbell,13,50.0,8,0,0,,,
32,2024-09-09 22:41:58,Chest and Triceps,1h 17m,Incline Bench Press,Dumbbell,14,35.0,12,0,0,,,
32,2024-09-09 22:41:58,Chest and Triceps,1h 17m,Incline Bench Press,Dumbbell,15,35.0,12,0,0,,,
32,2024-09-09 22:41:58,Chest and Triceps,1h 17m,Incline Bench Press,Dumbbell,16,40.0,6,0,0,,,
32,2024-09-09 22:41:58,Chest and Triceps,1h 17m,Incline Bench Press,Dumbbell,17,40.0,3,0,0,,,
32,2024-09-09 22:41:58,Chest and Triceps,1h 17m,Shoulder Press,Dumbbell,18,20.0,12,0,0,,,
32,2024-09-09 22:41:58,Chest and Triceps,1h 17m,Shoulder Press,Dumbbell,19,25.0,6,0,0,,,
32,2024-09-09 22:41:58,Chest and Triceps,1h 17m,Shoulder Press,Dumbbell,20,25.0,4,0,0,,,
32,2024-09-09 22:41:58,Chest and Triceps,1h 17m,Shoulder Press,Dumbbell,21,30.0,3,0,0,,,
32,2024-09-09 22:41:58,Chest and Triceps,1h 17m,Lateral Raise,Dumbbell,22,10.0,12,0,0,,,
32,2024-09-09 22:41:58,Chest and Triceps,1h 17m,Lateral Raise,Dumbbell,23,5.0,12,0,0,,,
32,2024-09-09 22:41:58,Chest and Triceps,1h 17m,Lateral Raise,Dumbbell,24,15.0,5,0,0,,,
32,2024-09-09 22:41:58,Chest and Triceps,1h 17m,Lying Triceps Extension: Skull Crusher,Barbell,25,10.0,12,0,0,,,
32,2024-09-09 22:41:58,Chest and Triceps,1h 17m,Lying Triceps Extension: Skull Crusher,Barbell,26,15.0,4,0,0,,,
32,2024-09-09 22:41:58,Chest and Triceps,1h 17m,Lying Triceps Extension: Skull Crusher,Barbell,27,20.0,1,0,0,,,
32,2024-09-09 22:41:58,Chest and Triceps,1h 17m,Decline Chest Press,Lever (plate loaded),28,20.0,12,0,0,,,
32,2024-09-09 22:41:58,Chest and Triceps,1h 17m,Decline Chest Press,Lever (plate loaded),29,25.0,12,0,0,,,
32,2024-09-09 22:41:58,Chest and Triceps,1h 17m,Decline Chest Press,Lever (plate loaded),30,30.0,12,0,0,,,
32,2024-10-21 20:10:27,Chest and Triceps,1h 53m,Push-up,Body Weight,31,0,12,0,0,,,
32,2024-10-21 20:10:27,Chest and Triceps,1h 53m,Push-up,Body Weight,32,0,12,0,0,,,
32,2024-10-21 20:10:27,Chest and Triceps,1h 53m,Push-up,Body Weight,33,0,12,0,0,,,
32,2024-10-21 20:10:27,Chest and Triceps,1h 53m,Push-up,Body Weight,34,0,12,0,0,,,
32,2024-10-21 20:10:27,Chest and Triceps,1h 53m,Bench Press,Barbell,35,20.0,12,0,0,,,
32,2024-10-21 20:10:27,Chest and Triceps,1h 53m,Bench Press,Barbell,36,20.0,12,0,0,,,
32,2024-10-21 20:10:27,Chest and Triceps,1h 53m,Bench Press,Barbell,37,20.0,15,0,0,,,
32,2024-10-21 20:10:27,Chest and Triceps,1h 53m,Bench Press,Barbell,38,20.0,20,0,0,,,
32,2024-10-21 20:10:27,Chest and Triceps,1h 53m,Bench Press,Barbell,39,20.0,25,0,0,,,
32,2024-10-21 20:10:27,Chest and Triceps,1h 53m,Bench Press,Barbell,40,20.0,31,0,0,,,
32,2024-10-21 20:10:27,Chest and Triceps,1h 53m,Military Press,Barbell,41,35.0,12,0,0,,,
32,2024-10-21 20:10:27,Chest and Triceps,1h 53m,Military Press,Barbell,42,45.0,6,0,0,,,
32,2024-10-21 20:10:27,Chest and Triceps,1h 53m,Military Press,Barbell,43,45.0,8,0,0,,,
32,2024-10-21 20:10:27,Chest and Triceps,1h 53m,Military Press,Barbell,44,45.0,8,0,0,,,
32,2024-10-21 20:10:27,Chest and Triceps,1h 53m,Lateral Raise,Dumbbell,45,5.0,12,0,0,,,
32,2024-10-21 20:10:27,Chest and Triceps,1h 53m,Lateral Raise,Dumbbell,46,5.0,12,0,0,,,
32,2024-10-21 20:10:27,Chest and Triceps,1h 53m,Lateral Raise,Dumbbell,47,15.0,4,0,0,,,
32,2024-10-21 20:10:27,Chest and Triceps,1h 53m,Lateral Raise,Dumbbell,48,5.0,13,0,0,,,
32,2024-10-21 20:10:27,Chest and Triceps,1h 53m,Lateral Raise,Dumbbell,49,5.0,13,0,0,,,
32,2024-10-21 20:10:27,Chest and Triceps,1h 53m,Lateral Raise,Dumbbell,50,5.0,13,0,0,,,
32,2024-10-21 20:10:27,Chest and Triceps,1h 53m,Lying Triceps Extension: Skull Crusher,Barbell,51,20.0,5,0,0,,,
32,2024-10-21 20:10:27,Chest and Triceps,1h 53m,Lying Triceps Extension: Skull Crusher,Barbell,52,15.0,5,0,0,,,
32,2024-10-21 20:10:27,Chest and Triceps,1h 53m,Lying Triceps Extension: Skull Crusher,Barbell,53,15.0,4,0,0,,,
32,2024-10-21 20:10:27,Chest and Triceps,1h 53m,Lying Triceps Extension: Skull Crusher,Barbell,54,15.0,4,0,0,,,
32,2024-10-21 20:10:27,Chest and Triceps,1h 53m,Close Grip Push-up,Body Weight,55,0,30,0,0,,,
32,2024-10-21 20:10:27,Chest and Triceps,1h 53m,Close Grip Push-up,Body Weight,56,0,30,0,0,,,
32,2024-10-21 20:10:27,Chest and Triceps,1h 53m,Close Grip Push-up,Body Weight,57,0,30,0,0,,,
33,2024-10-23 16:36:22,Back and Biceps,1h 43m,Straight-leg Deadlift,Barbell,1,135.0,12,0,0,,,
33,2024-10-23 16:36:22,Back and Biceps,1h 43m,Straight-leg Deadlift,Barbell,2,155.0,12,0,0,,,
33,2024-10-23 16:36:22,Back and Biceps,1h 43m,Straight-leg Deadlift,Barbell,3,185.00000000000000,5,0,0,,,
33,2024-10-23 16:36:22,Back and Biceps,1h 43m,Straight-leg Deadlift,Barbell,4,185.00000000000000,5,0,0,,,
33,2024-10-23 16:36:22,Back and Biceps,1h 43m,Straight-leg Deadlift,Barbell,5,185.00000000000000,4,0,0,,,
33,2024-10-23 16:36:22,Back and Biceps,1h 43m,Seated Row,Cable,6,70.0,12,0,0,,,
33,2024-10-23 16:36:22,Back and Biceps,1h 43m,Seated Row,Cable,7,85.0,12,0,0,,,
33,2024-10-23 16:36:22,Back and Biceps,1h 43m,Seated Row,Cable,8,100.0,8,0,0,,,
33,2024-10-23 16:36:22,Back and Biceps,1h 43m,Seated Row,Cable,9,100.0,4,0,0,,,
33,2024-10-23 16:36:22,Back and Biceps,1h 43m,Pulldown	,Cable,10,70.0,12,0,0,,,
33,2024-10-23 16:36:22,Back and Biceps,1h 43m,Pulldown	,Cable,11,85.0,6,0,0,,,
33,2024-10-23 16:36:22,Back and Biceps,1h 43m,Pulldown	,Cable,12,85.0,4,0,0,,,
33,2024-10-23 16:36:22,Back and Biceps,1h 43m,Pulldown	,Cable,13,70.0,12,0,0,,,
33,2024-10-23 16:36:22,Back and Biceps,1h 43m,Curl,Dumbbell,14,20.0,12,0,0,,,
33,2024-10-23 16:36:22,Back and Biceps,1h 43m,Curl,Dumbbell,15,25.0,5,0,0,,,
33,2024-10-23 16:36:22,Back and Biceps,1h 43m,Curl,Dumbbell,16,25.0,12,0,0,,,
33,2024-10-23 16:36:22,Back and Biceps,1h 43m,Curl,Dumbbell,17,25.0,5,0,0,,,
33,2024-10-23 16:36:22,Back and Biceps,1h 43m,Hammer Curl,Dumbbell,18,20.0,12,0,0,,,
33,2024-10-23 16:36:22,Back and Biceps,1h 43m,Concentration Curl,Dumbbell,19,20.0,5,0,0,,,
33,2024-10-23 16:36:22,Back and Biceps,1h 43m,Concentration Curl,Dumbbell,20,20.0,6,0,0,,,
33,2024-10-23 16:36:22,Back and Biceps,1h 43m,Concentration Curl,Dumbbell,21,20.0,5,0,0,,,
33,2024-10-23 16:36:22,Back and Biceps,1h 43m,Lying Leg Raise,Body Weight,22,0,12,0,0,,,
33,2024-10-23 16:36:22,Back and Biceps,1h 43m,Lying Leg Raise,Body Weight,23,0,12,0,0,,,
33,2024-10-23 16:36:22,Back and Biceps,1h 43m,Lying Leg Raise,Body Weight,24,0,12,0,0,,,
33,2024-10-23 16:36:22,Back and Biceps,1h 43m,Close Grip Push-up,Body Weight,25,0,30,0,0,,,
33,2024-10-23 16:36:22,Back and Biceps,1h 43m,Close Grip Push-up,Body Weight,26,0,30,0,0,,,
33,2024-10-23 16:36:22,Back and Biceps,1h 43m,Close Grip Push-up,Body Weight,27,0,30,0,0,,,
34,2024-10-24 12:53:34,Legs,1h 18m,Squat,Barbell,1,95.0,12,0,0,,,
34,2024-10-24 12:53:34,Legs,1h 18m,Squat,Barbell,2,95.0,12,0,0,,,
34,2024-10-24 12:53:34,Legs,1h 18m,Squat,Barbell,3,115.0,11,0,0,,,
34,2024-10-24 12:53:34,Legs,1h 18m,Squat,Barbell,4,115.0,10,0,0,,,
34,2024-10-24 12:53:34,Legs,1h 18m,Squat,Barbell,5,95.0,12,0,0,,,
34,2024-10-24 12:53:34,Legs,1h 18m,Front Squat,Barbell,6,45.0,5,0,0,,,
34,2024-10-24 12:53:34,Legs,1h 18m,Front Squat,Barbell,7,45.0,12,0,0,,,
34,2024-10-24 12:53:34,Legs,1h 18m,45° Calf Press,Lever (plate loaded),8,135.0,12,0,0,,,
34,2024-10-24 12:53:34,Legs,1h 18m,45° Calf Press,Lever (plate loaded),9,135.0,12,0,0,,,
34,2024-10-24 12:53:34,Legs,1h 18m,45° Calf Press,Lever (plate loaded),10,135.0,12,0,0,,,
34,2024-10-24 12:53:34,Legs,1h 18m,45° Calf Press,Lever (plate loaded),11,135.0,13,0,0,,,
34,2024-10-24 12:53:34,Legs,1h 18m,45° Calf Press,Lever (plate loaded),12,155.0,12,0,0,,,
34,2024-10-24 12:53:34,Legs,1h 18m,45° Calf Press,Lever (plate loaded),13,155.0,12,0,0,,,
34,2024-10-24 12:53:34,Legs,1h 18m,Seated Leg Curl,Lever (selectorized),14,74.0,12,0,0,,,
34,2024-10-24 12:53:34,Legs,1h 18m,Seated Leg Curl,Lever (selectorized),15,87.0,12,0,0,,,
34,2024-10-24 12:53:34,Legs,1h 18m,Seated Leg Curl,Lever (selectorized),16,101.0,12,0,0,,,
34,2024-10-24 12:53:34,Legs,1h 18m,Leg Extension,Lever (selectorized),17,75.00000000000000,12,0,0,,,
35,2024-10-29 09:16:28,Chest and Triceps,53m,Bench Press,Barbell,1,95.0,12,0,0,,,
35,2024-10-29 09:16:28,Chest and Triceps,53m,Bench Press,Barbell,2,115.0,8,0,0,,,
35,2024-10-29 09:16:28,Chest and Triceps,53m,Bench Press,Barbell,3,115.0,4,0,0,,,
35,2024-10-29 09:16:28,Chest and Triceps,53m,Bench Press,Barbell,4,135.0,4,0,0,,,
35,2024-10-29 09:16:28,Chest and Triceps,53m,Bench Press,Barbell,5,135.0,1,0,0,,,
35,2024-10-29 09:16:28,Chest and Triceps,53m,Bench Press,Barbell,6,135.0,1,0,0,,,
35,2024-10-29 09:16:28,Chest and Triceps,53m,Bench Press,Barbell,7,115.0,5,0,0,,,
35,2024-10-29 09:16:28,Chest and Triceps,53m,Incline Bench Press,Dumbbell,8,30.0,12,0,0,,,
35,2024-10-29 09:16:28,Chest and Triceps,53m,Incline Bench Press,Dumbbell,9,30.0,12,0,0,,,
35,2024-10-29 09:16:28,Chest and Triceps,53m,Incline Bench Press,Dumbbell,10,35.0,12,0,0,,,
35,2024-10-29 09:16:28,Chest and Triceps,53m,Incline Bench Press,Dumbbell,11,40.0,8,0,0,,,
35,2024-10-29 09:16:28,Chest and Triceps,53m,Decline Chest Press,Lever (plate loaded),12,20.0,12,0,0,,,
35,2024-10-29 09:16:28,Chest and Triceps,53m,Decline Chest Press,Lever (plate loaded),13,25.0,12,0,0,,,
35,2024-10-29 09:16:28,Chest and Triceps,53m,Decline Chest Press,Lever (plate loaded),14,30.0,12,0,0,,,
35,2024-10-29 09:16:28,Chest and Triceps,53m,Military Press,Barbell,15,45.0,12,0,0,,,
35,2024-10-29 09:16:28,Chest and Triceps,53m,Military Press,Barbell,16,55.0,8,0,0,,,
35,2024-10-29 09:16:28,Chest and Triceps,53m,Military Press,Barbell,17,65.0,4,0,0,,,
35,2024-10-29 09:16:28,Chest and Triceps,53m,Military Press,Barbell,18,65.0,3,0,0,,,
36,2024-11-01 08:01:37,Back and Biceps,33m,Seated Row,Cable,1,70.0,12,0,0,,,
36,2024-11-01 08:01:37,Back and Biceps,33m,Seated Row,Cable,2,80.0,12,0,0,,,
36,2024-11-01 08:01:37,Back and Biceps,33m,Seated Row,Cable,3,90.0,12,0,0,,,
36,2024-11-01 08:01:37,Back and Biceps,33m,Seated Row,Cable,4,100.0,12,0,0,,,
36,2024-11-01 08:01:37,Back and Biceps,33m,Seated Row,Cable,5,160.0,6,0,0,,,
36,2024-11-01 08:01:37,Back and Biceps,33m,Curl,Dumbbell,6,20.0,12,0,0,,,
36,2024-11-01 08:01:37,Back and Biceps,33m,Curl,Dumbbell,7,20.0,12,0,0,,,
36,2024-11-01 08:01:37,Back and Biceps,33m,Curl,Dumbbell,8,25.0,12,0,0,,,