Date,Workout Name,Duration,Exercise Name,Set Order,Weight,Reps,Distance,Seconds,Notes,Workout Notes,RPE
2024-05-23 22:18:07,"Legs",52s,"Flat Leg Raise",1,0,12,0,0,"","",
2024-05-23 22:18:07,"Legs",52s,"Flat Leg Raise",2,0,12,0,0,,,
2024-05-23 22:18:07,"Legs",52s,"Flat Leg Raise",3,0,12,0,0,,,
2024-05-28 00:01:20,"Midnight Workout",18s,"Bench Press (Barbell)",1,135.0,2,0,0,"","",
2024-05-28 00:01:46,"Midnight Workout",26m,"Incline Bench Press (Dumbbell)",1,25.0,12,0,0,"","",
2024-05-28 00:01:46,"Midnight Workout",26m,"Incline Bench Press (Dumbbell)",2,30.0,12,0,0,,,
2024-05-28 00:01:46,"Midnight Workout",26m,"Incline Bench Press (Dumbbell)",3,35.0,12,0,0,,,
2024-05-28 00:01:46,"Midnight Workout",26m,"Incline Bench Press (Dumbbell)",4,40.0,12,0,0,,,
2024-05-29 12:07:48,"Back and Biceps",1h 5m,"Romanian Deadlift (Barbell)",1,135.0,8,0,0,"","",
2024-05-29 12:07:48,"Back and Biceps",1h 5m,"Romanian Deadlift (Barbell)",2,135.0,3,0,0,,,
2024-05-29 12:07:48,"Back and Biceps",1h 5m,"Romanian Deadlift (Barbell)",3,185.00000000000003,7,0,0,,,
2024-05-29 12:07:48,"Back and Biceps",1h 5m,"Romanian Deadlift (Barbell)",4,205.0,2,0,0,,,
2024-05-29 12:07:48,"Back and Biceps",1h 5m,"Deadlift (Barbell)",1,255.0,1,0,0,"",,
2024-05-29 12:07:48,"Back and Biceps",1h 5m,"Pull Up",1,155.0,1,0,0,"",,
2024-05-29 12:07:48,"Back and Biceps",1h 5m,"Bent Over Row - Underhand (Barbell)",1,45.0,12,0,0,"",,
2024-05-29 12:07:48,"Back and Biceps",1h 5m,"Bent Over Row - Underhand (Barbell)",2,95.0,12,0,0,,,
2024-05-29 12:07:48,"Back and Biceps",1h 5m,"Bent Over Row - Underhand (Barbell)",3,115.0,12,0,0,,,
2024-05-29 12:07:48,"Back and Biceps",1h 5m,"Bent Over Row - Underhand (Barbell)",4,135.0,5,0,0,,,
2024-05-29 12:07:48,"Back and Biceps",1h 5m,"Bicep Curl (Barbell)",1,30.999999999999996,5,0,0,"",,
2024-05-29 12:07:48,"Back and Biceps",1h 5m,"Bicep Curl (Barbell)",2,51.0,12,0,0,,,
2024-05-29 12:07:48,"Back and Biceps",1h 5m,"Bicep Curl (Dumbbell)",1,20.0,12,0,0,"",,
2024-05-29 12:07:48,"Back and Biceps",1h 5m,"Bicep Curl (Dumbbell)",2,25.0,12,0,0,,,
2024-05-29 12:07:48,"Back and Biceps",1h 5m,"Bicep Curl (Dumbbell)",3,30.0,3,0,0,,,
2024-05-29 22:02:22,"Evening Workout",6m,"Leg Press",1,135.0,12,0,0,"","",
2024-05-29 22:02:22,"Evening Workout",6m,"Leg Press",2,225.0,12,0,0,,,
2024-05-29 22:02:22,"Evening Workout",6m,"Leg Press",3,315.0,2,0,0,,,
2024-05-31 18:20:33,"Back",29m,"Pull Up",1,155.0,3,0,0,"","",
2024-05-31 18:20:33,"Back",29m,"Pull Up",2,155.0,3,0,0,,,
2024-05-31 18:20:33,"Back",29m,"Pull Up",3,155.0,3,0,0,,,
2024-05-31 18:20:33,"Back",29m,"Chin Up",1,155.0,3,0,0,"",,
2024-05-31 18:20:33,"Back",29m,"Chin Up",2,155.0,1,0,0,,,
2024-05-31 18:20:33,"Back",29m,"Chin Up",3,155.0,1,0,0,,,
2024-05-31 18:20:33,"Back",29m,"Incline Row (Dumbbell)",1,20.0,12,0,0,"",,
2024-05-31 18:20:33,"Back",29m,"Incline Row (Dumbbell)",2,25.0,12,0,0,,,
2024-05-31 18:20:33,"Back",29m,"Incline Row (Dumbbell)",3,30.0,13,0,0,,,
2024-05-31 18:20:33,"Back",29m,"Bent Over Row (Dumbbell)",1,20.0,12,0,0,"",,
2024-05-31 18:20:33,"Back",29m,"Romanian Deadlift (Barbell)",1,135.0,8,0,0,"",,
2024-06-01 18:48:33,"Evening Workout",8m,"Bicep Curl (Dumbbell)",1,25.0,12,0,0,"","",
2024-06-01 18:48:33,"Evening Workout",8m,"Bicep Curl (Dumbbell)",2,30.0,12,0,0,,,
2024-06-01 18:48:33,"Evening Workout",8m,"Bicep Curl (Dumbbell)",3,35.0,6,0,0,,,
2024-06-03 17:06:07,"Chest and Triceps",1h 33m,"Bench Press (Barbell)",1,135.0,3,0,0,"","",
2024-06-03 17:06:07,"Chest and Triceps",1h 33m,"Bench Press (Barbell)",2,135.0,4,0,0,,,
2024-06-03 17:06:07,"Chest and Triceps",1h 33m,"Bench Press (Barbell)",3,135.0,3,0,0,,,
2024-06-03 17:06:07,"Chest and Triceps",1h 33m,"Incline Bench Press (Dumbbell)",1,30.0,12,0,0,"I forgot I should count it doubled bec. Each arm",,
2024-06-03 17:06:07,"Chest and Triceps",1h 33m,"Incline Bench Press (Dumbbell)",2,35.0,12,0,0,,,
2024-06-03 17:06:07,"Chest and Triceps",1h 33m,"Incline Bench Press (Dumbbell)",3,40.0,10,0,0,,,
2024-06-03 17:06:07,"Chest and Triceps",1h 33m,"Chest Fly (Band)",1,22.5,8,0,0,"",,
2024-06-03 17:06:07,"Chest and Triceps",1h 33m,"Chest Fly (Band)",2,17.5,10,0,0,,,
2024-06-03 17:06:07,"Chest and Triceps",1h 33m,"Chest Fly",1,55.0,12,0,0,"",,
2024-06-03 17:06:07,"Chest and Triceps",1h 33m,"Chest Fly",2,70.0,12,0,0,,,
2024-06-03 17:06:07,"Chest and Triceps",1h 33m,"Chest Fly",3,85.0,10,0,0,,,
2024-06-03 17:06:07,"Chest and Triceps",1h 33m,"Chest Fly",4,100.0,5,0,0,,,
2024-06-03 17:06:07,"Chest and Triceps",1h 33m,"Skullcrusher (Dumbbell)",1,10.0,10,0,0,"",,
2024-06-03 17:06:07,"Chest and Triceps",1h 33m,"Skullcrusher (Dumbbell)",2,12.5,4,0,0,,,
2024-06-03 17:06:07,"Chest and Triceps",1h 33m,"Skullcrusher (Dumbbell)",3,12.5,2,0,0,,,
2024-06-03 17:06:07,"Chest and Triceps",1h 33m,"Lateral Raise (Dumbbell)",1,10.0,12,0,0,"",,
2024-06-03 17:06:07,"Chest and Triceps",1h 33m,"Lateral Raise (Dumbbell)",2,12.5,7,0,0,,,
2024-06-03 17:06:07,"Chest and Triceps",1h 33m,"Lateral Raise (Dumbbell)",3,15.0,5,0,0,,,
2024-06-04 21:12:11,"Back and Biceps",1h 24m,"Romanian Deadlift (Barbell)",1,95.0,12,0,0,"","",
2024-06-04 21:12:11,"Back and Biceps",1h 24m,"Romanian Deadlift (Barbell)",2,115.0,8,0,0,,,
2024-06-04 21:12:11,"Back and Biceps",1h 24m,"Romanian Deadlift (Barbell)",3,135.0,12,0,0,,,
2024-06-04 21:12:11,"Back and Biceps",1h 24m,"Seated Row (Cable)",1,120.0,13,0,0,"",,
2024-06-04 21:12:11,"Back and Biceps",1h 24m,"Seated Row (Cable)",2,130.0,13,0,0,,,
2024-06-04 21:12:11,"Back and Biceps",1h 24m,"Seated Row (Cable)",3,140.0,13,0,0,,,
2024-06-04 21:12:11,"Back and Biceps",1h 24m,"Seated Row (Cable)",4,149.99999999999997,12,0,0,,,
2024-06-04 21:12:11,"Back and Biceps",1h 24m,"Lat Pulldown (Cable)",1,70.0,12,0,0,"",,
2024-06-04 21:12:11,"Back and Biceps",1h 24m,"Lat Pulldown (Cable)",2,85.0,12,0,0,,,
2024-06-04 21:12:11,"Back and Biceps",1h 24m,"Lat Pulldown (Cable)",3,100.0,11,0,0,,,
2024-06-04 21:12:11,"Back and Biceps",1h 24m,"Bicep Curl (Dumbbell)",1,30.0,6,0,0,"",,
2024-06-04 21:12:11,"Back and Biceps",1h 24m,"Bicep Curl (Dumbbell)",2,30.0,6,0,0,,,
2024-06-04 21:12:11,"Back and Biceps",1h 24m,"Bicep Curl (Dumbbell)",3,40.0,1,0,0,,,
2024-06-04 21:12:11,"Back and Biceps",1h 24m,"Bicep Curl (Dumbbell)",4,35.0,3,0,0,,,
2024-06-04 21:12:11,"Back and Biceps",1h 24m,"Plank",1,0,0,0,70,"",,
2024-06-05 20:39:55,"Legs",1h 17m,"Leg Press",1,315.0,12,0,0,"","",
2024-06-05 20:39:55,"Legs",1h 17m,"Leg Press",2,405.0,8,0,0,,,
2024-06-05 20:39:55,"Legs",1h 17m,"Leg Press",3,455.0,0,0,0,,,
2024-06-05 20:39:55,"Legs",1h 17m,"Leg Press",4,405.0,2,0,0,,,
2024-06-05 20:39:55,"Legs",1h 17m,"Squat (Barbell)",1,135.0,4,0,0,"",,
2024-06-05 20:39:55,"Legs",1h 17m,"Squat (Barbell)",2,95.0,12,0,0,,,
2024-06-05 20:39:55,"Legs",1h 17m,"Squat (Barbell)",3,115.0,8,0,0,,,
2024-06-05 20:39:55,"Legs",1h 17m,"Leg Extension (Machine)",1,60.0,12,0,0,"",,
2024-06-05 20:39:55,"Legs",1h 17m,"Leg Extension (Machine)",2,74.99999999999999,12,0,0,,,
2024-06-05 20:39:55,"Legs",1h 17m,"Leg Extension (Machine)",3,90.0,8,0,0,,,
2024-06-05 20:39:55,"Legs",1h 17m,"Leg Extension (Machine)",4,90.0,8,0,0,,,
2024-06-05 20:39:55,"Legs",1h 17m,"Seated Leg Curl (Machine)",1,60.0,12,0,0,"",,
2024-06-05 20:39:55,"Legs",1h 17m,"Seated Leg Curl (Machine)",2,74.99999999999999,12,0,0,,,
2024-06-05 20:39:55,"Legs",1h 17m,"Seated Leg Curl (Machine)",3,90.0,12,0,0,,,
2024-06-05 20:39:55,"Legs",1h 17m,"Seated Leg Curl (Machine)",4,105.0,12,0,0,,,
2024-06-06 18:44:11,"Chest and Triceps",1h 7m,"Bench Press (Barbell)",1,135.0,5,0,0,"","",
2024-06-06 18:44:11,"Chest and Triceps",1h 7m,"Bench Press (Barbell)",2,135.0,5,0,0,,,
2024-06-06 18:44:11,"Chest and Triceps",1h 7m,"Bench Press (Barbell)",3,135.0,4,0,0,,,
2024-06-06 18:44:11,"Chest and Triceps",1h 7m,"Bench Press (Dumbbell)",1,70.0,12,0,0,"",,
2024-06-06 18:44:11,"Chest and Triceps",1h 7m,"Incline Bench Press (Dumbbell)",1,70.0,11,0,0,"70 lbs = 35 lbs each arm",,
2024-06-06 18:44:11,"Chest and Triceps",1h 7m,"Incline Bench Press (Dumbbell)",2,80.0,10,0,0,,,
2024-06-06 18:44:11,"Chest and Triceps",1h 7m,"Incline Bench Press (Dumbbell)",3,90.0,4,0,0,,,
2024-06-06 18:44:11,"Chest and Triceps",1h 7m,"Overhead Press (Dumbbell)",1,40.0,12,0,0,"",,
2024-06-06 18:44:11,"Chest and Triceps",1h 7m,"Overhead Press (Dumbbell)",2,50.0,3,0,0,,,
2024-06-06 18:44:11,"Chest and Triceps",1h 7m,"Overhead Press (Dumbbell)",3,60.0,2,0,0,,,
2024-06-06 18:44:11,"Chest and Triceps",1h 7m,"Lateral Raise (Dumbbell)",1,20.0,12,0,0,"20lbs = 10lbs each arm, no change 1st set\nCheated on 3rd set with 20lb weights ",,
2024-06-06 18:44:11,"Chest and Triceps",1h 7m,"Lateral Raise (Dumbbell)",2,30.0,7,0,0,,,
2024-06-06 18:44:11,"Chest and Triceps",1h 7m,"Lateral Raise (Dumbbell)",3,40.0,5,0,0,,,
2024-06-09 16:10:32,"Back and Biceps + Some Legs And Core",1h 56m,"Romanian Deadlift (Barbell)",1,135.0,12,0,0,"","",
2024-06-09 16:10:32,"Back and Biceps + Some Legs And Core",1h 56m,"Romanian Deadlift (Barbell)",2,135.0,12,0,0,,,
2024-06-09 16:10:32,"Back and Biceps + Some Legs And Core",1h 56m,"Romanian Deadlift (Barbell)",3,135.0,12,0,0,,,
2024-06-09 16:10:32,"Back and Biceps + Some Legs And Core",1h 56m,"Romanian Deadlift (Barbell)",4,135.0,12,0,0,,,
2024-06-09 16:10:32,"Back and Biceps + Some Legs And Core",1h 56m,"Seated Row (Cable)",1,130.0,12,0,0,"",,
2024-06-09 16:10:32,"Back and Biceps + Some Legs And Core",1h 56m,"Seated Row (Cable)",2,130.0,12,0,0,,,
2024-06-09 16:10:32,"Back and Biceps + Some Legs And Core",1h 56m,"Seated Row (Cable)",3,140.0,12,0,0,,,
2024-06-09 16:10:32,"Back and Biceps + Some Legs And Core",1h 56m,"Seated Row (Cable)",4,149.99999999999997,12,0,0,,,
2024-06-09 16:10:32,"Back and Biceps + Some Legs And Core",1h 56m,"Lat Pulldown (Cable)",1,85.0,12,0,0,"",,
2024-06-09 16:10:32,"Back and Biceps + Some Legs And Core",1h 56m,"Lat Pulldown (Cable)",2,85.0,12,0,0,,,
2024-06-09 16:10:32,"Back and Biceps + Some Legs And Core",1h 56m,"Lat Pulldown (Cable)",3,85.0,12,0,0,,,
2024-06-09 16:10:32,"Back and Biceps + Some Legs And Core",1h 56m,"Lat Pulldown (Cable)",4,100.0,12,0,0,,,
2024-06-09 16:10:32,"Back and Biceps + Some Legs And Core",1h 56m,"Bicep Curl (Dumbbell)",1,20.0,12,0,0,"",,
2024-06-09 16:10:32,"Back and Biceps + Some Legs And Core",1h 56m,"Bicep Curl (Dumbbell)",2,20.0,12,0,0,,,
2024-06-09 16:10:32,"Back and Biceps + Some Legs And Core",1h 56m,"Bicep Curl (Dumbbell)",3,20.0,12,0,0,,,
2024-06-09 16:10:32,"Back and Biceps + Some Legs And Core",1h 56m,"Bicep Curl (Dumbbell)",4,20.0,12,0,0,,,
2024-06-09 16:10:32,"Back and Biceps + Some Legs And Core",1h 56m,"T Bar Row",1,45.0,12,0,0,"",,
2024-06-09 16:10:32,"Back and Biceps + Some Legs And Core",1h 56m,"T Bar Row",2,70.0,12,0,0,,,
2024-06-09 16:10:32,"Back and Biceps + Some Legs And Core",1h 56m,"T Bar Row",3,70.0,12,0,0,,,
2024-06-09 16:10:32,"Back and Biceps + Some Legs And Core",1h 56m,"T Bar Row",4,70.0,12,0,0,,,
2024-06-09 16:10:32,"Back and Biceps + Some Legs And Core",1h 56m,"Leg Press",1,135.0,12,0,0,"",,
2024-06-09 16:10:32,"Back and Biceps + Some Legs And Core",1h 56m,"Leg Press",2,225.0,12,0,0,,,
2024-06-09 16:10:32,"Back and Biceps + Some Legs And Core",1h 56m,"Leg Press",3,225.0,12,0,0,,,
2024-06-09 16:10:32,"Back and Biceps + Some Legs And Core",1h 56m,"Leg Press",4,225.0,12,0,0,,,
2024-06-09 16:10:32,"Back and Biceps + Some Legs And Core",1h 56m,"Crunch",1,0,12,0,0,"",,
2024-06-09 16:10:32,"Back and Biceps + Some Legs And Core",1h 56m,"Crunch",2,0,12,0,0,,,
2024-06-09 16:10:32,"Back and Biceps + Some Legs And Core",1h 56m,"Crunch",3,0,12,0,0,,,
2024-06-10 22:00:51,"Day 1: Chest And Triceps",1h 49m,"Stretching",1,0,0,0,447,"","",
2024-06-10 22:00:51,"Day 1: Chest And Triceps",1h 49m,"Bench Press (Barbell)",1,95.0,12,0,0,"I failed 115 because of a wrist issue ",,
2024-06-10 22:00:51,"Day 1: Chest And Triceps",1h 49m,"Bench Press (Barbell)",2,95.0,12,0,0,,,
2024-06-10 22:00:51,"Day 1: Chest And Triceps",1h 49m,"Bench Press (Barbell)",3,95.0,12,0,0,,,
2024-06-10 22:00:51,"Day 1: Chest And Triceps",1h 49m,"Bench Press (Barbell)",4,115.0,8,0,0,,,
2024-06-10 22:00:51,"Day 1: Chest And Triceps",1h 49m,"Incline Bench Press (Dumbbell)",1,40.0,12,0,0,"",,
2024-06-10 22:00:51,"Day 1: Chest And Triceps",1h 49m,"Incline Bench Press (Dumbbell)",2,50.0,12,0,0,,,
2024-06-10 22:00:51,"Day 1: Chest And Triceps",1h 49m,"Incline Bench Press (Dumbbell)",3,60.0,12,0,0,,,
2024-06-10 22:00:51,"Day 1: Chest And Triceps",1h 49m,"Incline Bench Press (Dumbbell)",4,70.0,12,0,0,,,
2024-06-10 22:00:51,"Day 1: Chest And Triceps",1h 49m,"Chest Fly (Band)",1,50.0,12,0,0,"30 each arm x 2 = 60 recorded ",,
2024-06-10 22:00:51,"Day 1: Chest And Triceps",1h 49m,"Chest Fly (Band)",2,60.0,12,0,0,,,
2024-06-10 22:00:51,"Day 1: Chest And Triceps",1h 49m,"Chest Fly (Band)",3,70.0,12,0,0,,,
2024-06-10 22:00:51,"Day 1: Chest And Triceps",1h 49m,"Chest Fly (Band)",4,80.0,12,0,0,,,
2024-06-10 22:00:51,"Day 1: Chest And Triceps",1h 49m,"Hex Press",1,40.0,12,0,0,"",,
2024-06-10 22:00:51,"Day 1: Chest And Triceps",1h 49m,"Hex Press",2,50.0,12,0,0,,,
2024-06-10 22:00:51,"Day 1: Chest And Triceps",1h 49m,"Hex Press",3,60.0,12,0,0,,,
2024-06-10 22:00:51,"Day 1: Chest And Triceps",1h 49m,"Hex Press",4,70.0,5,0,0,,,
2024-06-10 22:00:51,"Day 1: Chest And Triceps",1h 49m,"Decline Bench Press (Dumbbell)",1,20.0,12,0,0,"",,
2024-06-10 22:00:51,"Day 1: Chest And Triceps",1h 49m,"Triceps Extension (Cable)",1,15.0,12,0,0,"",,
2024-06-10 22:00:51,"Day 1: Chest And Triceps",1h 49m,"Triceps Extension (Cable)",2,20.0,6,0,0,,,
2024-06-10 22:00:51,"Day 1: Chest And Triceps",1h 49m,"Triceps Extension (Cable)",3,15.0,12,0,0,,,
2024-06-11 21:50:23,"Day 2: Full Body Calisthenics [and MMA]",59m,"Push Up",1,0,25,0,0,"My right wrist hurts. I’m not doing more.","",
2024-06-11 21:50:23,"Day 2: Full Body Calisthenics [and MMA]",59m,"Air Squats",1,0,20,0,0,"",,
2024-06-11 21:50:23,"Day 2: Full Body Calisthenics [and MMA]",59m,"Air Squats",2,0,20,0,0,,,
2024-06-11 21:50:23,"Day 2: Full Body Calisthenics [and MMA]",59m,"Air Squats",3,0,20,0,0,,,
2024-06-11 21:50:23,"Day 2: Full Body Calisthenics [and MMA]",59m,"Air Squats",4,0,20,0,0,,,
2024-06-11 21:50:23,"Day 2: Full Body Calisthenics [and MMA]",59m,"Lunge (Bodyweight)",1,0,5,0,0,"5 each leg",,
2024-06-11 21:50:23,"Day 2: Full Body Calisthenics [and MMA]",59m,"Lunge (Bodyweight)",2,0,5,0,0,,,
2024-06-11 21:50:23,"Day 2: Full Body Calisthenics [and MMA]",59m,"Lunge (Bodyweight)",3,0,5,0,0,,,
2024-06-11 21:50:23,"Day 2: Full Body Calisthenics [and MMA]",59m,"Lunge (Bodyweight)",4,0,5,0,0,,,
2024-06-12 22:04:05,"Back and Biceps",1h 8m,"Seated Row (Cable)",1,130.0,12,0,0,"","",
2024-06-12 22:04:05,"Back and Biceps",1h 8m,"Seated Row (Cable)",2,140.0,12,0,0,,,
2024-06-12 22:04:05,"Back and Biceps",1h 8m,"Seated Row (Cable)",3,140.0,12,0,0,,,
2024-06-12 22:04:05,"Back and Biceps",1h 8m,"Seated Row (Cable)",4,149.99999999999997,12,0,0,,,
2024-06-12 22:04:05,"Back and Biceps",1h 8m,"Lat Pulldown (Cable)",1,70.0,12,0,0,"",,
2024-06-12 22:04:05,"Back and Biceps",1h 8m,"Lat Pulldown (Cable)",2,70.0,12,0,0,,,
2024-06-12 22:04:05,"Back and Biceps",1h 8m,"Lat Pulldown (Cable)",3,85.0,12,0,0,,,
2024-06-12 22:04:05,"Back and Biceps",1h 8m,"Lat Pulldown (Cable)",4,85.0,12,0,0,,,
2024-06-12 22:04:05,"Back and Biceps",1h 8m,"Bicep Curl (Dumbbell)",1,40.0,12,0,0,"Previous 20lbs = 40 lbs (20 each arm)\nStruggled on the 25s (50)",,
2024-06-12 22:04:05,"Back and Biceps",1h 8m,"Bicep Curl (Dumbbell)",2,40.0,12,0,0,,,
2024-06-12 22:04:05,"Back and Biceps",1h 8m,"Bicep Curl (Dumbbell)",3,40.0,12,0,0,,,
2024-06-12 22:04:05,"Back and Biceps",1h 8m,"Bicep Curl (Dumbbell)",4,50.0,12,0,0,,,
2024-06-12 22:04:05,"Back and Biceps",1h 8m,"Face Pull (Cable)",1,45.0,12,0,0,"",,
2024-06-12 22:04:05,"Back and Biceps",1h 8m,"Face Pull (Cable)",2,45.0,12,0,0,,,
2024-06-12 22:04:05,"Back and Biceps",1h 8m,"Face Pull (Cable)",3,50.0,12,0,0,,,
2024-06-12 22:04:05,"Back and Biceps",1h 8m,"Face Pull (Cable)",4,55.0,12,0,0,,,
2024-06-12 22:04:05,"Back and Biceps",1h 8m,"Hammer Curl (Dumbbell)",1,40.0,12,0,0,"40 = 20 lbs",,
2024-06-12 22:04:05,"Back and Biceps",1h 8m,"Hammer Curl (Dumbbell)",2,40.0,12,0,0,,,
2024-06-12 22:04:05,"Back and Biceps",1h 8m,"Hammer Curl (Dumbbell)",3,40.0,12,0,0,,,
2024-06-12 22:04:05,"Back and Biceps",1h 8m,"Hammer Curl (Dumbbell)",4,40.0,12,0,0,,,
2024-06-12 22:04:05,"Back and Biceps",1h 8m,"Preacher Curl (Dumbbell)",1,25.0,12,0,0,"",,
2024-06-12 22:04:05,"Back and Biceps",1h 8m,"Preacher Curl (Dumbbell)",2,35.0,5,0,0,,,
2024-06-15 20:55:20,"Legs",1h 5m,"Leg Press",1,315.0,12,0,0,"","",
2024-06-15 20:55:20,"Legs",1h 5m,"Leg Press",2,405.0,6,0,0,,,
2024-06-15 20:55:20,"Legs",1h 5m,"Leg Press",3,405.0,8,0,0,,,
2024-06-15 20:55:20,"Legs",1h 5m,"Squat (Barbell)",1,135.0,12,0,0,"I’m so tired bro. I didn’t eat much today either.",,
2024-06-15 20:55:20,"Legs",1h 5m,"Squat (Barbell)",2,135.0,2,0,0,,,
2024-06-15 20:55:20,"Legs",1h 5m,"Squat (Barbell)",3,135.0,6,0,0,,,
2024-06-15 20:55:20,"Legs",1h 5m,"Squat (Barbell)",4,135.0,6,0,0,,,
2024-06-15 20:55:20,"Legs",1h 5m,"Flat Leg Raise",1,0,12,0,0,"",,
2024-06-15 20:55:20,"Legs",1h 5m,"Flat Leg Raise",2,0,12,0,0,,,
2024-06-15 20:55:20,"Legs",1h 5m,"Flat Leg Raise",3,0,12,0,0,,,
2024-06-21 22:24:45,"Day 2: Full Body Calisthenics [and MMA] Copy",1h 6m,"Push Up",1,0,12,0,0,"","",
2024-06-21 22:24:45,"Day 2: Full Body Calisthenics [and MMA] Copy",1h 6m,"Push Up",2,0,12,0,0,,,
2024-06-21 22:24:45,"Day 2: Full Body Calisthenics [and MMA] Copy",1h 6m,"Push Up",3,0,25,0,0,,,
2024-06-21 22:24:45,"Day 2: Full Body Calisthenics [and MMA] Copy",1h 6m,"Push Up",4,0,12,0,0,,,
2024-06-21 22:24:45,"Day 2: Full Body Calisthenics [and MMA] Copy",1h 6m,"Push Up",5,0,12,0,0,,,
2024-06-21 22:24:45,"Day 2: Full Body Calisthenics [and MMA] Copy",1h 6m,"Air Squats",1,0,20,0,0,"",,
2024-06-21 22:24:45,"Day 2: Full Body Calisthenics [and MMA] Copy",1h 6m,"Air Squats",2,0,20,0,0,,,
2024-06-21 22:24:45,"Day 2: Full Body Calisthenics [and MMA] Copy",1h 6m,"Air Squats",3,0,20,0,0,,,
2024-06-21 22:24:45,"Day 2: Full Body Calisthenics [and MMA] Copy",1h 6m,"Air Squats",4,0,20,0,0,,,
2024-06-21 22:24:45,"Day 2: Full Body Calisthenics [and MMA] Copy",1h 6m,"Lunge (Bodyweight)",1,0,5,0,0,"5 each leg",,
2024-06-21 22:24:45,"Day 2: Full Body Calisthenics [and MMA] Copy",1h 6m,"Bench Dip",1,0,12,0,0,"",,
2024-06-21 22:24:45,"Day 2: Full Body Calisthenics [and MMA] Copy",1h 6m,"Bench Dip",2,0,12,0,0,,,
2024-06-21 22:24:45,"Day 2: Full Body Calisthenics [and MMA] Copy",1h 6m,"Bench Dip",3,0,12,0,0,,,
2024-06-21 22:24:45,"Day 2: Full Body Calisthenics [and MMA] Copy",1h 6m,"Bench Dip",4,0,12,0,0,,,
2024-06-21 22:24:45,"Day 2: Full Body Calisthenics [and MMA] Copy",1h 6m,"Crunch",1,0,12,0,0,"",,
2024-06-21 22:24:45,"Day 2: Full Body Calisthenics [and MMA] Copy",1h 6m,"Crunch",2,0,12,0,0,,,
2024-06-21 22:24:45,"Day 2: Full Body Calisthenics [and MMA] Copy",1h 6m,"Crunch",3,0,12,0,0,,,
2024-06-25 20:59:55,"Back and Biceps",2h 25m,"Romanian Deadlift (Barbell)",1,135.0,12,0,0,"","",
2024-06-25 20:59:55,"Back and Biceps",2h 25m,"Romanian Deadlift (Barbell)",2,145.0,12,0,0,,,
2024-06-25 20:59:55,"Back and Biceps",2h 25m,"Romanian Deadlift (Barbell)",3,155.0,12,0,0,,,
2024-06-25 20:59:55,"Back and Biceps",2h 25m,"Seated Row (Cable)",1,140.0,12,0,0,"",,
2024-06-25 20:59:55,"Back and Biceps",2h 25m,"Seated Row (Cable)",2,149.99999999999997,12,0,0,,,
2024-06-25 20:59:55,"Back and Biceps",2h 25m,"Seated Row (Cable)",3,160.0,12,0,0,,,
2024-06-25 20:59:55,"Back and Biceps",2h 25m,"Drums",1,0,0,0,1200,"",,
2024-06-25 20:59:55,"Back and Biceps",2h 25m,"Lat Pulldown (Cable)",1,85.0,12,0,0,"Trash reps 100lbs\nTrash reps 115",,
2024-06-25 20:59:55,"Back and Biceps",2h 25m,"Lat Pulldown (Cable)",2,100.0,12,0,0,,,
2024-06-25 20:59:55,"Back and Biceps",2h 25m,"Lat Pulldown (Cable)",3,115.0,12,0,0,,,
2024-06-25 20:59:55,"Back and Biceps",2h 25m,"Bicep Curl (Dumbbell)",1,25.0,12,0,0,"Unrushed good, clean reps",,
2024-06-25 20:59:55,"Back and Biceps",2h 25m,"Bicep Curl (Dumbbell)",2,25.0,12,0,0,,,
2024-06-25 20:59:55,"Back and Biceps",2h 25m,"Bicep Curl (Dumbbell)",3,25.0,12,0,0,,,
2024-06-28 20:37:54,"Chest and Triceps",2h 29m,"Bench Press (Barbell)",1,135.0,8,0,0,"","",
2024-06-28 20:37:54,"Chest and Triceps",2h 29m,"Bench Press (Barbell)",2,135.0,8,0,0,,,
2024-06-28 20:37:54,"Chest and Triceps",2h 29m,"Bench Press (Barbell)",3,135.0,6,0,0,,,
2024-06-28 20:37:54,"Chest and Triceps",2h 29m,"Incline Bench Press (Dumbbell)",1,30.0,12,0,0,"40 each arm",,
2024-06-28 20:37:54,"Chest and Triceps",2h 29m,"Incline Bench Press (Dumbbell)",2,40.0,10,0,0,,,
2024-06-28 20:37:54,"Chest and Triceps",2h 29m,"Incline Bench Press (Dumbbell)",3,45.0,3,0,0,,,
2024-06-28 20:37:54,"Chest and Triceps",2h 29m,"Incline Bench Press (Dumbbell)",4,45.0,2,0,0,,,
2024-06-28 20:37:54,"Chest and Triceps",2h 29m,"Strict Military Press (Barbell)",1,65.0,6,0,0,"",,
2024-06-28 20:37:54,"Chest and Triceps",2h 29m,"Strict Military Press (Barbell)",2,65.0,8,0,0,,,
2024-06-28 20:37:54,"Chest and Triceps",2h 29m,"Strict Military Press (Barbell)",3,45.0,6,0,0,,,
2024-06-28 20:37:54,"Chest and Triceps",2h 29m,"Strict Military Press (Barbell)",4,45.0,12,0,0,,,
2024-06-28 20:37:54,"Chest and Triceps",2h 29m,"Lateral Raise (Dumbbell)",1,10.0,12,0,0,"10lbs each arm",,
2024-06-28 20:37:54,"Chest and Triceps",2h 29m,"Lateral Raise (Dumbbell)",2,12.5,9,0,0,,,
2024-06-28 20:37:54,"Chest and Triceps",2h 29m,"Lateral Raise (Dumbbell)",3,15.0,5,0,0,,,
2024-06-28 20:37:54,"Chest and Triceps",2h 29m,"Lateral Raise (Cable)",1,15.0,5,0,0,"",,
2024-06-28 20:37:54,"Chest and Triceps",2h 29m,"Lateral Raise (Cable)",2,15.0,11,0,0,,,
2024-06-28 20:37:54,"Chest and Triceps",2h 29m,"Lateral Raise (Cable)",3,15.0,12,0,0,,,
2024-06-28 20:37:54,"Chest and Triceps",2h 29m,"Lateral Raise (Cable)",4,15.0,12,0,0,,,
2024-06-28 20:37:54,"Chest and Triceps",2h 29m,"Skullcrusher (Barbell)",1,20.0,5,0,0,"",,
2024-06-28 20:37:54,"Chest and Triceps",2h 29m,"Skullcrusher (Barbell)",2,30.0,12,0,0,,,
2024-06-28 20:37:54,"Chest and Triceps",2h 29m,"Skullcrusher (Barbell)",3,40.0,10,0,0,,,
2024-06-28 20:37:54,"Chest and Triceps",2h 29m,"Skullcrusher (Barbell)",4,40.0,9,0,0,,,
2024-06-28 20:37:54,"Chest and Triceps",2h 29m,"Cable Crossover",1,45.0,12,0,0,"",,
2024-06-28 20:37:54,"Chest and Triceps",2h 29m,"Flat Leg Raise",1,0,20,0,0,"",,
2024-06-28 20:37:54,"Chest and Triceps",2h 29m,"Russian Twist",1,0,30,0,0,"",,
2024-06-28 20:37:54,"Chest and Triceps",2h 29m,"Russian Twist",2,0,30,0,0,,,
2024-07-03 20:56:13,"Back and Biceps",1h 23m,"Deadlift (Barbell)",1,225.0,3,0,0,"","",
2024-07-03 20:56:13,"Back and Biceps",1h 23m,"Deadlift (Barbell)",2,295.0,0,0,0,,,
2024-07-03 20:56:13,"Back and Biceps",1h 23m,"Seated Row (Cable)",1,149.99999999999997,12,0,0,"",,
2024-07-03 20:56:13,"Back and Biceps",1h 23m,"Seated Row (Cable)",2,160.0,12,0,0,,,
2024-07-03 20:56:13,"Back and Biceps",1h 23m,"Seated Row (Cable)",3,170.0,12,0,0,,,
2024-07-03 20:56:13,"Back and Biceps",1h 23m,"Lat Pulldown (Cable)",1,100.0,11,0,0,"Slightly better form",,
2024-07-03 20:56:13,"Back and Biceps",1h 23m,"Lat Pulldown (Cable)",2,85.0,8,0,0,,,
2024-07-03 20:56:13,"Back and Biceps",1h 23m,"Lat Pulldown (Cable)",3,85.0,8,0,0,,,
2024-07-03 20:56:13,"Back and Biceps",1h 23m,"Lat Pulldown (Cable)",4,70.0,12,0,0,,,
2024-07-03 20:56:13,"Back and Biceps",1h 23m,"Lat Pulldown (Cable)",5,85.0,12,0,0,,,
2024-07-03 20:56:13,"Back and Biceps",1h 23m,"Bicep Curl (Dumbbell)",1,25.0,12,0,0,"Good form",,
2024-07-03 20:56:13,"Back and Biceps",1h 23m,"Bicep Curl (Dumbbell)",2,30.0,5,0,0,,,
2024-07-03 20:56:13,"Back and Biceps",1h 23m,"Bicep Curl (Dumbbell)",3,35.0,1,0,0,,,
2024-07-03 20:56:13,"Back and Biceps",1h 23m,"Bicep Curl (Dumbbell)",4,25.0,12,0,0,,,
2024-07-03 22:19:23,"Legs",52m,"Leg Press",1,315.0,12,0,0,"","",
2024-07-03 22:19:23,"Legs",52m,"Leg Press",2,405.0,6,0,0,,,
2024-07-03 22:19:23,"Legs",52m,"Leg Press",3,405.0,8,0,0,,,
2024-07-03 22:19:23,"Legs",52m,"Leg Extension (Machine)",1,60.0,12,0,0,"Bad reps at 90lbs",,
2024-07-03 22:19:23,"Legs",52m,"Leg Extension (Machine)",2,74.99999999999999,12,0,0,,,
2024-07-03 22:19:23,"Legs",52m,"Leg Extension (Machine)",3,90.0,12,0,0,,,
2024-07-03 22:19:23,"Legs",52m,"Seated Leg Curl (Machine)",1,74.99999999999999,12,0,0,"",,
2024-07-03 22:19:23,"Legs",52m,"Seated Leg Curl (Machine)",2,90.0,12,0,0,,,
2024-07-03 22:19:23,"Legs",52m,"Seated Leg Curl (Machine)",3,105.0,12,0,0,,,
2024-07-03 22:19:23,"Legs",52m,"Flat Leg Raise",1,0,20,0,0,"",,
2024-07-03 22:19:23,"Legs",52m,"Standing Calf Raise (Dumbbell)",1,25.0,12,0,0,"",,
2024-07-03 22:19:23,"Legs",52m,"Standing Calf Raise (Dumbbell)",2,35.0,12,0,0,,,
2024-07-03 22:19:23,"Legs",52m,"Standing Calf Raise (Dumbbell)",3,35.0,12,0,0,,,
2024-07-04 22:26:48,"Chest and Triceps",1h 19m,"Bench Press (Dumbbell)",1,35.0,12,0,0,"","",
2024-07-04 22:26:48,"Chest and Triceps",1h 19m,"Bench Press (Dumbbell)",2,40.0,12,0,0,,,
2024-07-04 22:26:48,"Chest and Triceps",1h 19m,"Bench Press (Dumbbell)",3,45.0,12,0,0,,,
2024-07-04 22:26:48,"Chest and Triceps",1h 19m,"Bench Press (Dumbbell)",4,50.0,8,0,0,,,
2024-07-04 22:26:48,"Chest and Triceps",1h 19m,"Incline Bench Press (Dumbbell)",1,30.0,12,0,0,"",,
2024-07-04 22:26:48,"Chest and Triceps",1h 19m,"Incline Bench Press (Dumbbell)",2,40.0,9,0,0,,,
2024-07-04 22:26:48,"Chest and Triceps",1h 19m,"Incline Bench Press (Dumbbell)",3,45.0,7,0,0,,,
2024-07-04 22:26:48,"Chest and Triceps",1h 19m,"Strict Military Press (Barbell)",1,65.0,6,0,0,"",,
2024-07-04 22:26:48,"Chest and Triceps",1h 19m,"Strict Military Press (Barbell)",2,65.0,4,0,0,,,
2024-07-04 22:26:48,"Chest and Triceps",1h 19m,"Strict Military Press (Barbell)",3,65.0,5,0,0,,,
2024-07-04 22:26:48,"Chest and Triceps",1h 19m,"Strict Military Press (Barbell)",4,65.0,4,0,0,,,
2024-07-04 22:26:48,"Chest and Triceps",1h 19m,"Lateral Raise (Dumbbell)",1,10.0,12,0,0,"",,
2024-07-04 22:26:48,"Chest and Triceps",1h 19m,"Lateral Raise (Dumbbell)",2,10.0,12,0,0,,,
2024-07-04 22:26:48,"Chest and Triceps",1h 19m,"Lateral Raise (Dumbbell)",3,10.0,12,0,0,,,
2024-07-04 22:26:48,"Chest and Triceps",1h 19m,"Lateral Raise (Dumbbell)",4,10.0,12,0,0,,,
2024-07-04 22:26:48,"Chest and Triceps",1h 19m,"Triceps Extension (Cable)",1,15.0,12,0,0,"",,
2024-07-04 22:26:48,"Chest and Triceps",1h 19m,"Triceps Extension (Cable)",2,20.0,5,0,0,,,
2024-07-04 22:26:48,"Chest and Triceps",1h 19m,"Triceps Extension (Cable)",3,20.0,6,0,0,,,
2024-07-04 22:26:48,"Chest and Triceps",1h 19m,"Russian Twist",1,0,30,0,0,"",,
2024-07-04 22:26:48,"Chest and Triceps",1h 19m,"Russian Twist",2,0,30,0,0,,,
2024-07-04 22:26:48,"Chest and Triceps",1h 19m,"Russian Twist",3,0,30,0,0,,,
2024-07-08 18:21:11,"Day 1: Chest And Triceps",1h 27m,"Bench Press (Barbell)",1,135.0,9,0,0,"","",
2024-07-08 18:21:11,"Day 1: Chest And Triceps",1h 27m,"Bench Press (Barbell)",2,135.0,7,0,0,,,
2024-07-08 18:21:11,"Day 1: Chest And Triceps",1h 27m,"Bench Press (Barbell)",3,155.0,2,0,0,,,
2024-07-08 18:21:11,"Day 1: Chest And Triceps",1h 27m,"Incline Bench Press (Dumbbell)",1,40.0,12,0,0,"",,
2024-07-08 18:21:11,"Day 1: Chest And Triceps",1h 27m,"Incline Bench Press (Dumbbell)",2,45.0,8,0,0,,,
2024-07-08 18:21:11,"Day 1: Chest And Triceps",1h 27m,"Incline Bench Press (Dumbbell)",3,50.0,2,0,0,,,
2024-07-08 18:21:11,"Day 1: Chest And Triceps",1h 27m,"Incline Bench Press (Dumbbell)",4,45.0,3,0,0,,,
2024-07-08 18:21:11,"Day 1: Chest And Triceps",1h 27m,"Cable Crossover",1,45.0,12,0,0,"Last rep split to 8 + 4",,
2024-07-08 18:21:11,"Day 1: Chest And Triceps",1h 27m,"Cable Crossover",2,45.0,12,0,0,,,
2024-07-08 18:21:11,"Day 1: Chest And Triceps",1h 27m,"Cable Crossover",3,45.0,12,0,0,,,
2024-07-08 18:21:11,"Day 1: Chest And Triceps",1h 27m,"Triceps Dip",1,0,8,0,0,"",,
2024-07-08 18:21:11,"Day 1: Chest And Triceps",1h 27m,"Strict Military Press (Barbell)",1,45.0,5,0,0,"",,
2024-07-08 18:21:11,"Day 1: Chest And Triceps",1h 27m,"Strict Military Press (Barbell)",2,65.0,2,0,0,,,
2024-07-08 18:21:11,"Day 1: Chest And Triceps",1h 27m,"Strict Military Press (Barbell)",3,65.0,2,0,0,,,
2024-07-08 18:21:11,"Day 1: Chest And Triceps",1h 27m,"Strict Military Press (Barbell)",4,65.0,3,0,0,,,
2024-07-08 18:21:11,"Day 1: Chest And Triceps",1h 27m,"Lateral Raise (Dumbbell)",1,10.0,12,0,0,"",,
2024-07-08 18:21:11,"Day 1: Chest And Triceps",1h 27m,"Lateral Raise (Dumbbell)",2,12.5,12,0,0,,,
2024-07-08 18:21:11,"Day 1: Chest And Triceps",1h 27m,"Lateral Raise (Dumbbell)",3,12.5,8,0,0,,,
2024-07-08 18:21:11,"Day 1: Chest And Triceps",1h 27m,"Skullcrusher (Dumbbell)",1,10.0,12,0,0,"",,
2024-07-08 18:21:11,"Day 1: Chest And Triceps",1h 27m,"Skullcrusher (Dumbbell)",2,20.0,2,0,0,,,
2024-07-08 18:21:11,"Day 1: Chest And Triceps",1h 27m,"Skullcrusher (Dumbbell)",3,15.0,3,0,0,,,
2024-07-08 18:21:11,"Day 1: Chest And Triceps",1h 27m,"Skullcrusher (Dumbbell)",4,15.0,4,0,0,,,
2024-07-09 22:36:27,"Back and Biceps",1h 53m,"Romanian Deadlift (Barbell)",1,145.0,12,0,0,"","",
2024-07-09 22:36:27,"Back and Biceps",1h 53m,"Romanian Deadlift (Barbell)",2,155.0,12,0,0,,,
2024-07-09 22:36:27,"Back and Biceps",1h 53m,"Romanian Deadlift (Barbell)",3,165.0,12,0,0,,,
2024-07-09 22:36:27,"Back and Biceps",1h 53m,"Seated Row (Cable)",1,80.0,12,0,0,"",,
2024-07-09 22:36:27,"Back and Biceps",1h 53m,"Seated Row (Cable)",2,80.0,10,0,0,,,
2024-07-09 22:36:27,"Back and Biceps",1h 53m,"Seated Row (Cable)",3,80.0,12,0,0,,,
2024-07-09 22:36:27,"Back and Biceps",1h 53m,"Lat Pulldown (Cable)",1,80.0,12,0,0,"",,
2024-07-09 22:36:27,"Back and Biceps",1h 53m,"Bicep Curl (Dumbbell)",1,20.0,12,0,0,"",,
2024-07-09 22:36:27,"Back and Biceps",1h 53m,"Bicep Curl (Dumbbell)",2,20.0,12,0,0,,,
2024-07-09 22:36:27,"Back and Biceps",1h 53m,"Bicep Curl (Dumbbell)",3,20.0,12,0,0,,,
2024-07-09 22:36:27,"Back and Biceps",1h 53m,"Concentration Curl (Dumbbell)",1,20.0,12,0,0,"",,
2024-07-09 22:36:27,"Back and Biceps",1h 53m,"Concentration Curl (Dumbbell)",2,20.0,12,0,0,,,
2024-07-09 22:36:27,"Back and Biceps",1h 53m,"Concentration Curl (Dumbbell)",3,20.0,5,0,0,,,
2024-07-10 18:42:03,"Legs",1h 22m,"Leg Press",1,135.0,5,0,0,"","",
2024-07-10 18:42:03,"Legs",1h 22m,"Leg Press",2,315.0,12,0,0,,,
2024-07-10 18:42:03,"Legs",1h 22m,"Leg Press",3,405.0,9,0,0,,,
2024-07-10 18:42:03,"Legs",1h 22m,"Leg Press",4,405.0,12,0,0,,,
2024-07-10 18:42:03,"Legs",1h 22m,"Squat (Barbell)",1,135.0,9,0,0,"",,
2024-07-10 18:42:03,"Legs",1h 22m,"Standing Calf Raise (Dumbbell)",1,25.0,12,0,0,"",,
2024-07-10 18:42:03,"Legs",1h 22m,"Standing Calf Raise (Dumbbell)",2,35.0,12,0,0,,,
2024-07-10 18:42:03,"Legs",1h 22m,"Standing Calf Raise (Dumbbell)",3,25.0,12,0,0,,,
2024-07-12 21:34:25,"Chest and Triceps",1h 31m,"Bench Press (Barbell)",1,135.0,8,0,0,"","",
2024-07-12 21:34:25,"Chest and Triceps",1h 31m,"Bench Press (Barbell)",2,135.0,5,0,0,,,
2024-07-12 21:34:25,"Chest and Triceps",1h 31m,"Bench Press (Barbell)",3,135.0,5,0,0,,,
2024-07-12 21:34:25,"Chest and Triceps",1h 31m,"Incline Bench Press (Dumbbell)",1,40.0,8,0,0,"",,
2024-07-12 21:34:25,"Chest and Triceps",1h 31m,"Incline Bench Press (Dumbbell)",2,40.0,8,0,0,,,
2024-07-12 21:34:25,"Chest and Triceps",1h 31m,"Incline Bench Press (Dumbbell)",3,40.0,8,0,0,,,
2024-07-12 21:34:25,"Chest and Triceps",1h 31m,"Strict Military Press (Barbell)",1,45.0,6,0,0,"",,
2024-07-12 21:34:25,"Chest and Triceps",1h 31m,"Strict Military Press (Barbell)",2,65.0,6,0,0,,,
2024-07-12 21:34:25,"Chest and Triceps",1h 31m,"Strict Military Press (Barbell)",3,74.99999999999999,4,0,0,,,
2024-07-12 21:34:25,"Chest and Triceps",1h 31m,"Strict Military Press (Barbell)",4,74.99999999999999,2,0,0,,,
2024-07-12 21:34:25,"Chest and Triceps",1h 31m,"Lateral Raise (Cable)",1,25.0,7,0,0,"",,
2024-07-12 21:34:25,"Chest and Triceps",1h 31m,"Lateral Raise (Cable)",2,20.0,10,0,0,,,
2024-07-12 21:34:25,"Chest and Triceps",1h 31m,"Lateral Raise (Cable)",3,20.0,6,0,0,,,
2024-07-12 21:34:25,"Chest and Triceps",1h 31m,"Lower Chest Dumbell",1,15.0,12,0,0,"",,
2024-07-12 21:34:25,"Chest and Triceps",1h 31m,"Lower Chest Dumbell",2,20.0,12,0,0,,,
2024-07-12 21:34:25,"Chest and Triceps",1h 31m,"Lower Chest Dumbell",3,25.0,12,0,0,,,
2024-07-12 21:34:25,"Chest and Triceps",1h 31m,"Cable Crossover",1,40.0,12,0,0,"",,
2024-07-12 21:34:25,"Chest and Triceps",1h 31m,"Cable Crossover",2,45.0,12,0,0,,,
2024-07-12 21:34:25,"Chest and Triceps",1h 31m,"Cable Crossover",3,50.0,12,0,0,,,
2024-07-12 21:34:25,"Chest and Triceps",1h 31m,"Chest Fly (Band)",1,45.0,8,0,0,"",,
2024-07-12 21:34:25,"Chest and Triceps",1h 31m,"Chest Fly (Band)",2,50.0,2,0,0,,,
2024-07-12 21:34:25,"Chest and Triceps",1h 31m,"Chest Fly (Band)",3,50.0,3,0,0,,,
2024-07-12 21:34:25,"Chest and Triceps",1h 31m,"Triceps Dip",1,0,5,0,0,"",,
2024-07-12 21:34:25,"Chest and Triceps",1h 31m,"Triceps Dip",2,0,5,0,0,,,
2024-07-12 21:34:25,"Chest and Triceps",1h 31m,"Triceps Dip",3,0,5,0,0,,,
2024-07-12 21:34:25,"Chest and Triceps",1h 31m,"Flat Leg Raise",1,0,12,0,0,"",,
2024-07-12 21:34:25,"Chest and Triceps",1h 31m,"Flat Leg Raise",2,0,12,0,0,,,
2024-07-15 18:28:46,"Back and Biceps",1h 18m,"Romanian Deadlift (Barbell)",1,185.00000000000003,8,0,0,"","",
2024-07-15 18:28:46,"Back and Biceps",1h 18m,"Romanian Deadlift (Barbell)",2,185.00000000000003,6,0,0,,,
2024-07-15 18:28:46,"Back and Biceps",1h 18m,"Romanian Deadlift (Barbell)",3,235.0,1,0,0,,,
2024-07-15 18:28:46,"Back and Biceps",1h 18m,"Seated Row (Cable)",1,170.0,12,0,0,"",,
2024-07-15 18:28:46,"Back and Biceps",1h 18m,"Seated Row (Cable)",2,180.0,12,0,0,,,
2024-07-15 18:28:46,"Back and Biceps",1h 18m,"Seated Row (Cable)",3,190.0,12,0,0,,,
2024-07-15 18:28:46,"Back and Biceps",1h 18m,"Lat Pulldown (Cable)",1,85.0,12,0,0,"",,
2024-07-15 18:28:46,"Back and Biceps",1h 18m,"Lat Pulldown (Cable)",2,100.0,12,0,0,,,
2024-07-15 18:28:46,"Back and Biceps",1h 18m,"Lat Pulldown (Cable)",3,115.0,6,0,0,,,
2024-07-15 18:28:46,"Back and Biceps",1h 18m,"Lat Pulldown (Cable)",4,115.0,4,0,0,,,
2024-07-15 18:28:46,"Back and Biceps",1h 18m,"Lat Pulldown (Cable)",5,100.0,5,0,0,,,
2024-07-15 18:28:46,"Back and Biceps",1h 18m,"Bicep Curl (Dumbbell)",1,20.0,12,0,0,"",,
2024-07-15 18:28:46,"Back and Biceps",1h 18m,"Bicep Curl (Dumbbell)",2,25.0,6,0,0,,,
2024-07-15 18:28:46,"Back and Biceps",1h 18m,"Bicep Curl (Dumbbell)",3,25.0,5,0,0,,,
2024-07-15 18:28:46,"Back and Biceps",1h 18m,"Bent Over One Arm Row (Dumbbell)",1,25.0,12,0,0,"",,
2024-07-15 18:28:46,"Back and Biceps",1h 18m,"Bent Over One Arm Row (Dumbbell)",2,30.0,12,0,0,,,
2024-07-15 18:28:46,"Back and Biceps",1h 18m,"Bent Over One Arm Row (Dumbbell)",3,35.0,12,0,0,,,
2024-07-15 18:28:46,"Back and Biceps",1h 18m,"Russian Twist",1,0,20,0,0,"",,
2024-07-15 18:28:46,"Back and Biceps",1h 18m,"Russian Twist",2,0,20,0,0,,,
2024-07-15 18:28:46,"Back and Biceps",1h 18m,"Russian Twist",3,0,20,0,0,,,
2024-07-22 20:56:37,"Legs",1h 18m,"Squat (Barbell)",1,45.0,12,0,0,"","",
2024-07-22 20:56:37,"Legs",1h 18m,"Squat (Barbell)",2,65.0,12,0,0,,,
2024-07-22 20:56:37,"Legs",1h 18m,"Squat (Barbell)",3,95.0,12,0,0,,,
2024-07-22 20:56:37,"Legs",1h 18m,"Squat (Barbell)",4,95.0,5,0,0,,,
2024-07-22 20:56:37,"Legs",1h 18m,"Squat (Barbell)",5,95.0,5,0,0,,,
2024-07-22 20:56:37,"Legs",1h 18m,"Squat (Barbell)",6,95.0,5,0,0,,,
2024-07-22 20:56:37,"Legs",1h 18m,"Squat (Barbell)",7,105.0,5,0,0,,,
2024-07-22 20:56:37,"Legs",1h 18m,"Leg Extension (Machine)",1,60.0,12,0,0,"",,
2024-07-22 20:56:37,"Legs",1h 18m,"Leg Extension (Machine)",2,74.99999999999999,12,0,0,,,
2024-07-22 20:56:37,"Legs",1h 18m,"Leg Extension (Machine)",3,90.0,6,0,0,,,
2024-07-22 20:56:37,"Legs",1h 18m,"Leg Extension (Machine)",4,90.0,6,0,0,,,
2024-07-22 20:56:37,"Legs",1h 18m,"Seated Leg Curl (Machine)",1,74.99999999999999,12,0,0,"",,
2024-07-22 20:56:37,"Legs",1h 18m,"Seated Leg Curl (Machine)",2,90.0,12,0,0,,,
2024-07-22 20:56:37,"Legs",1h 18m,"Seated Leg Curl (Machine)",3,105.0,12,0,0,,,
2024-07-22 20:56:37,"Legs",1h 18m,"Flat Leg Raise",1,0,12,0,0,"",,
2024-07-22 20:56:37,"Legs",1h 18m,"Flat Leg Raise",2,0,12,0,0,,,
2024-07-22 20:56:37,"Legs",1h 18m,"Flat Leg Raise",3,0,12,0,0,,,
2024-07-22 20:56:37,"Legs",1h 18m,"Standing Calf Raise (Dumbbell)",1,25.0,12,0,0,"",,
2024-07-22 20:56:37,"Legs",1h 18m,"Standing Calf Raise (Dumbbell)",2,30.0,12,0,0,,,
2024-07-22 20:56:37,"Legs",1h 18m,"Standing Calf Raise (Dumbbell)",3,35.0,12,0,0,,,
2024-07-22 20:56:37,"Legs",1h 18m,"Standing Calf Raise (Dumbbell)",4,40.0,12,0,0,,,
2024-07-27 12:07:34,"Chest and Triceps",1h 9m,"Bench Press (Dumbbell)",1,40.0,12,0,0,"","",
2024-07-27 12:07:34,"Chest and Triceps",1h 9m,"Bench Press (Dumbbell)",2,45.0,12,0,0,,,
2024-07-27 12:07:34,"Chest and Triceps",1h 9m,"Bench Press (Dumbbell)",3,50.0,7,0,0,,,
2024-07-27 12:07:34,"Chest and Triceps",1h 9m,"Bench Press (Dumbbell)",4,50.0,4,0,0,,,
2024-07-27 12:07:34,"Chest and Triceps",1h 9m,"Incline Bench Press (Dumbbell)",1,40.0,9,0,0,"",,
2024-07-27 12:07:34,"Chest and Triceps",1h 9m,"Incline Bench Press (Dumbbell)",2,40.0,8,0,0,,,
2024-07-27 12:07:34,"Chest and Triceps",1h 9m,"Incline Bench Press (Dumbbell)",3,40.0,5,0,0,,,
2024-07-27 12:07:34,"Chest and Triceps",1h 9m,"Strict Military Press (Barbell)",1,45.0,11,0,0,"",,
2024-07-27 12:07:34,"Chest and Triceps",1h 9m,"Strict Military Press (Barbell)",2,45.0,12,0,0,,,
2024-07-27 12:07:34,"Chest and Triceps",1h 9m,"Strict Military Press (Barbell)",3,65.0,3,0,0,,,
2024-07-27 12:07:34,"Chest and Triceps",1h 9m,"Lateral Raise (Dumbbell)",1,10.0,12,0,0,"Trash 12",,
2024-07-27 12:07:34,"Chest and Triceps",1h 9m,"Lateral Raise (Dumbbell)",2,15.0,12,0,0,,,
2024-07-27 12:07:34,"Chest and Triceps",1h 9m,"Lateral Raise (Dumbbell)",3,15.0,12,0,0,,,
2024-07-27 12:07:34,"Chest and Triceps",1h 9m,"Lower Chest Dumbell",1,20.0,12,0,0,"",,
2024-07-27 12:07:34,"Chest and Triceps",1h 9m,"Lower Chest Dumbell",2,25.0,12,0,0,,,
2024-07-27 12:07:34,"Chest and Triceps",1h 9m,"Lower Chest Dumbell",3,30.0,12,0,0,,,
2024-07-29 19:03:01,"Back and Biceps",46m,"Deadlift (Barbell)",1,225.0,3,0,0,"","",
2024-07-29 19:03:01,"Back and Biceps",46m,"Seated Row (Cable)",1,180.0,12,0,0,"",,
2024-07-29 19:03:01,"Back and Biceps",46m,"Seated Row (Cable)",2,180.0,8,0,0,,,
2024-07-29 19:03:01,"Back and Biceps",46m,"Seated Row (Cable)",3,200.0,8,0,0,,,
2024-07-29 19:03:01,"Back and Biceps",46m,"Lat Pulldown (Cable)",1,85.0,12,0,0,"",,
2024-07-29 19:03:01,"Back and Biceps",46m,"Lat Pulldown (Cable)",2,100.0,11,0,0,,,
2024-07-29 19:03:01,"Back and Biceps",46m,"Lat Pulldown (Cable)",3,115.0,5,0,0,,,
2024-07-29 19:03:01,"Back and Biceps",46m,"Lat Pulldown (Cable)",4,115.0,3,0,0,,,
2024-07-29 19:03:01,"Back and Biceps",46m,"Concentration Curl (Dumbbell)",1,20.0,12,0,0,"",,
2024-07-29 19:03:01,"Back and Biceps",46m,"Concentration Curl (Dumbbell)",2,25.0,7,0,0,,,
2024-07-29 19:03:01,"Back and Biceps",46m,"Concentration Curl (Dumbbell)",3,25.0,8,0,0,,,
2024-07-31 20:28:58,"Legs",1h 13m,"Clean and Jerk (Barbell)",1,45.0,8,0,0,"","",
2024-07-31 20:28:58,"Legs",1h 13m,"Clean and Jerk (Barbell)",2,61.99999999999999,8,0,0,,,
2024-07-31 20:28:58,"Legs",1h 13m,"Squat (Barbell)",1,65.0,12,0,0,"",,
2024-07-31 20:28:58,"Legs",1h 13m,"Squat (Barbell)",2,95.0,12,0,0,,,
2024-07-31 20:28:58,"Legs",1h 13m,"Squat (Barbell)",3,115.0,12,0,0,,,
2024-07-31 20:28:58,"Legs",1h 13m,"Leg Extension (Machine)",1,74.99999999999999,12,0,0,"",,
2024-07-31 20:28:58,"Legs",1h 13m,"Leg Extension (Machine)",2,90.0,12,0,0,,,
2024-07-31 20:28:58,"Legs",1h 13m,"Leg Extension (Machine)",3,105.0,8,0,0,,,
2024-07-31 20:28:58,"Legs",1h 13m,"Seated Leg Curl (Machine)",1,90.0,12,0,0,"",,
2024-07-31 20:28:58,"Legs",1h 13m,"Seated Leg Curl (Machine)",2,105.0,12,0,0,,,
2024-07-31 20:28:58,"Legs",1h 13m,"Seated Leg Curl (Machine)",3,120.0,8,0,0,,,
2024-07-31 20:28:58,"Legs",1h 13m,"Flat Leg Raise",1,0,12,0,0,"",,
2024-07-31 20:28:58,"Legs",1h 13m,"Flat Leg Raise",2,0,10,0,0,,,
2024-07-31 20:28:58,"Legs",1h 13m,"Flat Leg Raise",3,0,12,0,0,,,
2024-08-01 22:48:43,"Chest and Triceps",1h 12m,"Bench Press (Barbell)",1,115.0,12,0,0,"","",
2024-08-01 22:48:43,"Chest and Triceps",1h 12m,"Bench Press (Barbell)",2,95.0,12,0,0,,,
2024-08-01 22:48:43,"Chest and Triceps",1h 12m,"Bench Press (Barbell)",3,95.0,12,0,0,,,
2024-08-01 22:48:43,"Chest and Triceps",1h 12m,"Bench Press (Barbell)",4,95.0,5,0,0,,,
2024-08-01 22:48:43,"Chest and Triceps",1h 12m,"Incline Bench Press (Dumbbell)",1,35.0,10,0,0,"",,
2024-08-01 22:48:43,"Chest and Triceps",1h 12m,"Incline Bench Press (Dumbbell)",2,35.0,12,0,0,,,
2024-08-01 22:48:43,"Chest and Triceps",1h 12m,"Incline Bench Press (Dumbbell)",3,35.0,11,0,0,,,
2024-08-01 22:48:43,"Chest and Triceps",1h 12m,"Strict Military Press (Barbell)",1,45.0,8,0,0,"",,
2024-08-01 22:48:43,"Chest and Triceps",1h 12m,"Strict Military Press (Barbell)",2,45.0,12,0,0,,,
2024-08-01 22:48:43,"Chest and Triceps",1h 12m,"Strict Military Press (Barbell)",3,45.0,12,0,0,,,
2024-08-01 22:48:43,"Chest and Triceps",1h 12m,"Chest Fly (Band)",1,30.0,12,0,0,"",,
2024-08-01 22:48:43,"Chest and Triceps",1h 12m,"Chest Fly (Band)",2,35.0,5,0,0,,,
2024-08-14 20:54:00,"Back and Biceps",1h 15m,"Lat Pulldown (Cable)",1,70.0,12,0,0,"","",
2024-08-14 20:54:00,"Back and Biceps",1h 15m,"Lat Pulldown (Cable)",2,80.0,12,0,0,,,
2024-08-14 20:54:00,"Back and Biceps",1h 15m,"Lat Pulldown (Cable)",3,90.0,12,0,0,,,
2024-08-14 20:54:00,"Back and Biceps",1h 15m,"Lat Pulldown (Cable)",4,100.0,5,0,0,,,
2024-08-14 20:54:00,"Back and Biceps",1h 15m,"Lat Pulldown (Close Grip)",1,70.0,12,0,0,"",,
2024-08-14 20:54:00,"Back and Biceps",1h 15m,"Lat Pulldown (Close Grip)",2,80.0,12,0,0,,,
2024-08-14 20:54:00,"Back and Biceps",1h 15m,"Lat Pulldown (Close Grip)",3,90.0,12,0,0,,,
2024-08-14 20:54:00,"Back and Biceps",1h 15m,"Concentration Curl (Dumbbell)",1,25.0,10,0,0,"",,
2024-08-14 20:54:00,"Back and Biceps",1h 15m,"Concentration Curl (Dumbbell)",2,20.0,12,0,0,,,
2024-09-09 22:41:58,"Chest and Triceps",1h 17m,"Bench Press (Dumbbell)",1,35.0,12,0,0,"","",
2024-09-09 22:41:58,"Chest and Triceps",1h 17m,"Bench Press (Dumbbell)",2,40.0,12,0,0,,,
2024-09-09 22:41:58,"Chest and Triceps",1h 17m,"Bench Press (Dumbbell)",3,45.0,12,0,0,,,
2024-09-09 22:41:58,"Chest and Triceps",1h 17m,"Bench Press (Dumbbell)",4,50.0,8,0,0,,,
2024-09-09 22:41:58,"Chest and Triceps",1h 17m,"Incline Bench Press (Dumbbell)",1,35.0,12,0,0,"",,
2024-09-09 22:41:58,"Chest and Triceps",1h 17m,"Incline Bench Press (Dumbbell)",2,35.0,12,0,0,,,
2024-09-09 22:41:58,"Chest and Triceps",1h 17m,"Incline Bench Press (Dumbbell)",3,40.0,6,0,0,,,
2024-09-09 22:41:58,"Chest and Triceps",1h 17m,"Incline Bench Press (Dumbbell)",4,40.0,3,0,0,,,
2024-09-09 22:41:58,"Chest and Triceps",1h 17m,"Overhead Press (Dumbbell)",1,20.0,12,0,0,"",,
2024-09-09 22:41:58,"Chest and Triceps",1h 17m,"Overhead Press (Dumbbell)",2,25.0,6,0,0,,,
2024-09-09 22:41:58,"Chest and Triceps",1h 17m,"Overhead Press (Dumbbell)",3,25.0,4,0,0,,,
2024-09-09 22:41:58,"Chest and Triceps",1h 17m,"Overhead Press (Dumbbell)",4,30.0,3,0,0,,,
2024-09-09 22:41:58,"Chest and Triceps",1h 17m,"Lateral Raise (Dumbbell)",1,10.0,12,0,0,"",,
2024-09-09 22:41:58,"Chest and Triceps",1h 17m,"Lateral Raise (Dumbbell)",2,5.0,12,0,0,,,
2024-09-09 22:41:58,"Chest and Triceps",1h 17m,"Lateral Raise (Dumbbell)",3,15.0,5,0,0,,,
2024-09-09 22:41:58,"Chest and Triceps",1h 17m,"Skullcrusher (Dumbbell)",1,10.0,12,0,0,"",,
2024-09-09 22:41:58,"Chest and Triceps",1h 17m,"Skullcrusher (Dumbbell)",2,15.0,4,0,0,,,
2024-09-09 22:41:58,"Chest and Triceps",1h 17m,"Skullcrusher (Dumbbell)",3,20.0,1,0,0,,,
2024-09-09 22:41:58,"Chest and Triceps",1h 17m,"Lower Chest Dumbell",1,20.0,12,0,0,"",,
2024-09-09 22:41:58,"Chest and Triceps",1h 17m,"Lower Chest Dumbell",2,25.0,12,0,0,,,
2024-09-09 22:41:58,"Chest and Triceps",1h 17m,"Lower Chest Dumbell",3,30.0,12,0,0,,,
2024-10-21 20:10:27,"Chest and Triceps",1h 53m,"Push Up",1,0,12,0,0,"","",
2024-10-21 20:10:27,"Chest and Triceps",1h 53m,"Push Up",2,0,12,0,0,,,
2024-10-21 20:10:27,"Chest and Triceps",1h 53m,"Push Up",3,0,12,0,0,,,
2024-10-21 20:10:27,"Chest and Triceps",1h 53m,"Push Up",4,0,12,0,0,,,
2024-10-21 20:10:27,"Chest and Triceps",1h 53m,"Floor Press Dumbbell",1,20.0,12,0,0,"",,
2024-10-21 20:10:27,"Chest and Triceps",1h 53m,"Floor Press Dumbbell",2,20.0,12,0,0,,,
2024-10-21 20:10:27,"Chest and Triceps",1h 53m,"Floor Press Dumbbell",3,20.0,15,0,0,,,
2024-10-21 20:10:27,"Chest and Triceps",1h 53m,"Floor Press Dumbbell",4,20.0,20,0,0,,,
2024-10-21 20:10:27,"Chest and Triceps",1h 53m,"Floor Press Dumbbell",5,20.0,25,0,0,,,
2024-10-21 20:10:27,"Chest and Triceps",1h 53m,"Floor Press Dumbbell",6,20.0,31,0,0,,,
2024-10-21 20:10:27,"Chest and Triceps",1h 53m,"Strict Military Press (Barbell)",1,35.0,12,0,0,"",,
2024-10-21 20:10:27,"Chest and Triceps",1h 53m,"Strict Military Press (Barbell)",2,45.0,6,0,0,,,
2024-10-21 20:10:27,"Chest and Triceps",1h 53m,"Strict Military Press (Barbell)",3,45.0,8,0,0,,,
2024-10-21 20:10:27,"Chest and Triceps",1h 53m,"Strict Military Press (Barbell)",4,45.0,8,0,0,,,
2024-10-21 20:10:27,"Chest and Triceps",1h 53m,"Lateral Raise (Dumbbell)",1,5.0,12,0,0,"",,
2024-10-21 20:10:27,"Chest and Triceps",1h 53m,"Lateral Raise (Dumbbell)",2,5.0,12,0,0,,,
2024-10-21 20:10:27,"Chest and Triceps",1h 53m,"Lateral Raise (Dumbbell)",3,15.0,4,0,0,,,
2024-10-21 20:10:27,"Chest and Triceps",1h 53m,"Lateral Raise (Dumbbell)",4,5.0,13,0,0,,,
2024-10-21 20:10:27,"Chest and Triceps",1h 53m,"Lateral Raise (Dumbbell)",5,5.0,13,0,0,,,
2024-10-21 20:10:27,"Chest and Triceps",1h 53m,"Lateral Raise (Dumbbell)",6,5.0,13,0,0,,,
2024-10-21 20:10:27,"Chest and Triceps",1h 53m,"Skullcrusher (Dumbbell)",1,20.0,5,0,0,"",,
2024-10-21 20:10:27,"Chest and Triceps",1h 53m,"Skullcrusher (Dumbbell)",2,15.0,5,0,0,,,
2024-10-21 20:10:27,"Chest and Triceps",1h 53m,"Skullcrusher (Dumbbell)",3,15.0,4,0,0,,,
2024-10-21 20:10:27,"Chest and Triceps",1h 53m,"Skullcrusher (Dumbbell)",4,15.0,4,0,0,,,
2024-10-21 20:10:27,"Chest and Triceps",1h 53m,"Russian Twist",1,0,30,0,0,"",,
2024-10-21 20:10:27,"Chest and Triceps",1h 53m,"Russian Twist",2,0,30,0,0,,,
2024-10-21 20:10:27,"Chest and Triceps",1h 53m,"Russian Twist",3,0,30,0,0,,,
2024-10-23 16:36:22,"Back and Biceps",1h 43m,"Romanian Deadlift (Barbell)",1,135.0,12,0,0,"","",
2024-10-23 16:36:22,"Back and Biceps",1h 43m,"Romanian Deadlift (Barbell)",2,155.0,12,0,0,,,
2024-10-23 16:36:22,"Back and Biceps",1h 43m,"Romanian Deadlift (Barbell)",3,185.00000000000003,5,0,0,,,
2024-10-23 16:36:22,"Back and Biceps",1h 43m,"Romanian Deadlift (Barbell)",4,185.00000000000003,5,0,0,,,
2024-10-23 16:36:22,"Back and Biceps",1h 43m,"Romanian Deadlift (Barbell)",5,185.00000000000003,4,0,0,,,
2024-10-23 16:36:22,"Back and Biceps",1h 43m,"Seated Row (Cable)",1,70.0,12,0,0,"",,
2024-10-23 16:36:22,"Back and Biceps",1h 43m,"Seated Row (Cable)",2,85.0,12,0,0,,,
2024-10-23 16:36:22,"Back and Biceps",1h 43m,"Seated Row (Cable)",3,100.0,8,0,0,,,
2024-10-23 16:36:22,"Back and Biceps",1h 43m,"Seated Row (Cable)",4,100.0,4,0,0,,,
2024-10-23 16:36:22,"Back and Biceps",1h 43m,"Lat Pulldown (Cable)",1,70.0,12,0,0,"",,
2024-10-23 16:36:22,"Back and Biceps",1h 43m,"Lat Pulldown (Cable)",2,85.0,6,0,0,,,
2024-10-23 16:36:22,"Back and Biceps",1h 43m,"Lat Pulldown (Cable)",3,85.0,4,0,0,,,
2024-10-23 16:36:22,"Back and Biceps",1h 43m,"Lat Pulldown (Cable)",4,70.0,12,0,0,,,
2024-10-23 16:36:22,"Back and Biceps",1h 43m,"Bicep Curl (Dumbbell)",1,20.0,12,0,0,"",,
2024-10-23 16:36:22,"Back and Biceps",1h 43m,"Bicep Curl (Dumbbell)",2,25.0,5,0,0,,,
2024-10-23 16:36:22,"Back and Biceps",1h 43m,"Bicep Curl (Dumbbell)",3,25.0,12,0,0,,,
2024-10-23 16:36:22,"Back and Biceps",1h 43m,"Bicep Curl (Dumbbell)",4,25.0,5,0,0,,,
2024-10-23 16:36:22,"Back and Biceps",1h 43m,"Hammer Curl (Dumbbell)",1,20.0,12,0,0,"",,
2024-10-23 16:36:22,"Back and Biceps",1h 43m,"Concentration Curl (Dumbbell)",1,20.0,5,0,0,"",,
2024-10-23 16:36:22,"Back and Biceps",1h 43m,"Concentration Curl (Dumbbell)",2,20.0,6,0,0,,,
2024-10-23 16:36:22,"Back and Biceps",1h 43m,"Concentration Curl (Dumbbell)",3,20.0,5,0,0,,,
2024-10-23 16:36:22,"Back and Biceps",1h 43m,"Flat Leg Raise",1,0,12,0,0,"",,
2024-10-23 16:36:22,"Back and Biceps",1h 43m,"Flat Leg Raise",2,0,12,0,0,,,
2024-10-23 16:36:22,"Back and Biceps",1h 43m,"Flat Leg Raise",3,0,12,0,0,,,
2024-10-23 16:36:22,"Back and Biceps",1h 43m,"Russian Twist",1,0,30,0,0,"",,
2024-10-23 16:36:22,"Back and Biceps",1h 43m,"Russian Twist",2,0,30,0,0,,,
2024-10-23 16:36:22,"Back and Biceps",1h 43m,"Russian Twist",3,0,30,0,0,,,
2024-10-24 12:53:34,"Legs",1h 18m,"Squat (Barbell)",1,95.0,12,0,0,"","",
2024-10-24 12:53:34,"Legs",1h 18m,"Squat (Barbell)",2,95.0,12,0,0,,,
2024-10-24 12:53:34,"Legs",1h 18m,"Squat (Barbell)",3,115.0,11,0,0,,,
2024-10-24 12:53:34,"Legs",1h 18m,"Squat (Barbell)",4,115.0,10,0,0,,,
2024-10-24 12:53:34,"Legs",1h 18m,"Squat (Barbell)",5,95.0,12,0,0,,,
2024-10-24 12:53:34,"Legs",1h 18m,"Front Squat (Barbell)",1,45.0,5,0,0,"",,
2024-10-24 12:53:34,"Legs",1h 18m,"Front Squat (Barbell)",2,45.0,12,0,0,,,
2024-10-24 12:53:34,"Legs",1h 18m,"Calf Press on Leg Press",1,135.0,12,0,0,"",,
2024-10-24 12:53:34,"Legs",1h 18m,"Calf Press on Leg Press",2,135.0,12,0,0,,,
2024-10-24 12:53:34,"Legs",1h 18m,"Calf Press on Leg Press",3,135.0,12,0,0,,,
2024-10-24 12:53:34,"Legs",1h 18m,"Calf Press on Leg Press",4,135.0,13,0,0,,,
2024-10-24 12:53:34,"Legs",1h 18m,"Calf Press on Leg Press",5,155.0,12,0,0,,,
2024-10-24 12:53:34,"Legs",1h 18m,"Calf Press on Leg Press",6,155.0,12,0,0,,,
2024-10-24 12:53:34,"Legs",1h 18m,"Seated Leg Curl (Machine)",1,74.0,12,0,0,"",,
2024-10-24 12:53:34,"Legs",1h 18m,"Seated Leg Curl (Machine)",2,87.0,12,0,0,,,
2024-10-24 12:53:34,"Legs",1h 18m,"Seated Leg Curl (Machine)",3,101.0,12,0,0,,,
2024-10-24 12:53:34,"Legs",1h 18m,"Leg Extension (Machine)",1,74.99999999999999,12,0,0,"",,
2024-10-24 12:53:34,"Legs",1h 18m,"Ab Wheel",1,0,7,0,0,"",,
2024-10-29 09:16:28,"Chest and Triceps",53m,"Bench Press (Barbell)",1,95.0,12,0,0,"","",
2024-10-29 09:16:28,"Chest and Triceps",53m,"Bench Press (Barbell)",2,115.0,8,0,0,,,
2024-10-29 09:16:28,"Chest and Triceps",53m,"Bench Press (Barbell)",3,115.0,4,0,0,,,
2024-10-29 09:16:28,"Chest and Triceps",53m,"Bench Press (Barbell)",4,135.0,4,0,0,,,
2024-10-29 09:16:28,"Chest and Triceps",53m,"Bench Press (Barbell)",5,135.0,1,0,0,,,
2024-10-29 09:16:28,"Chest and Triceps",53m,"Bench Press (Barbell)",6,135.0,1,0,0,,,
2024-10-29 09:16:28,"Chest and Triceps",53m,"Bench Press (Barbell)",7,115.0,5,0,0,,,
2024-10-29 09:16:28,"Chest and Triceps",53m,"Incline Bench Press (Dumbbell)",1,30.0,12,0,0,"",,
2024-10-29 09:16:28,"Chest and Triceps",53m,"Incline Bench Press (Dumbbell)",2,30.0,12,0,0,,,
2024-10-29 09:16:28,"Chest and Triceps",53m,"Incline Bench Press (Dumbbell)",3,35.0,12,0,0,,,
2024-10-29 09:16:28,"Chest and Triceps",53m,"Incline Bench Press (Dumbbell)",4,40.0,8,0,0,,,
2024-10-29 09:16:28,"Chest and Triceps",53m,"Lower Chest Dumbell",1,20.0,12,0,0,"",,
2024-10-29 09:16:28,"Chest and Triceps",53m,"Lower Chest Dumbell",2,25.0,12,0,0,,,
2024-10-29 09:16:28,"Chest and Triceps",53m,"Lower Chest Dumbell",3,30.0,12,0,0,,,
2024-10-29 09:16:28,"Chest and Triceps",53m,"Strict Military Press (Barbell)",1,45.0,12,0,0,"",,
2024-10-29 09:16:28,"Chest and Triceps",53m,"Strict Military Press (Barbell)",2,55.0,8,0,0,,,
2024-10-29 09:16:28,"Chest and Triceps",53m,"Strict Military Press (Barbell)",3,65.0,4,0,0,,,
2024-10-29 09:16:28,"Chest and Triceps",53m,"Strict Military Press (Barbell)",4,65.0,3,0,0,,,
2024-11-01 08:01:37,"Back and Biceps",33m,"Seated Row (Cable)",1,70.0,12,0,0,"","",
2024-11-01 08:01:37,"Back and Biceps",33m,"Seated Row (Cable)",2,80.0,12,0,0,,,
2024-11-01 08:01:37,"Back and Biceps",33m,"Seated Row (Cable)",3,90.0,12,0,0,,,
2024-11-01 08:01:37,"Back and Biceps",33m,"Seated Row (Cable)",4,100.0,12,0,0,,,
2024-11-01 08:01:37,"Back and Biceps",33m,"Seated Row (Cable)",5,160.0,6,0,0,,,
2024-11-01 08:01:37,"Back and Biceps",33m,"Bicep Curl (Dumbbell)",1,20.0,12,0,0,"",,
2024-11-01 08:01:37,"Back and Biceps",33m,"Bicep Curl (Dumbbell)",2,20.0,12,0,0,,,
2024-11-01 08:01:37,"Back and Biceps",33m,"Bicep Curl (Dumbbell)",3,25.0,12,0,0,,,
2024-11-01 08:01:37,"Back and Biceps",33m,"Situps With Arms Curling Into Under Leg",1,0,13,0,0,"",,
2024-11-01 08:01:37,"Back and Biceps",33m,"Situps With Arms Curling Into Under Leg",2,0,13,0,0,,,
2024-11-01 08:01:37,"Back and Biceps",33m,"Situps With Arms Curling Into Under Leg",3,0,13,0,0,,,
